活動名稱,期別,開獎日期,銷售總額,銷售注數,總獎金,獎號1,獎號2,獎號3,獎號4,獎號5,獎號6, 
春節加碼加開獎項,104000015,2015/02/18,487544550,9750891,357069741,09,20,35,37,44,46,,,,,,
春節加碼加開獎項,104000015,2015/02/18,487544550,9750891,357069741,05,11,31,43,45,47,,,,,,
春節加碼加開獎項,104000015,2015/02/18,487544550,9750891,357069741,06,10,31,45,47,49,,,,,,
春節加碼加開獎項,104000015,2015/02/18,487544550,9750891,357069741,04,09,16,30,41,46,,,,,,
春節加碼加開獎項,104000015,2015/02/18,487544550,9750891,357069741,17,21,23,24,38,42,,,,,,
春節加碼加開獎項,104000015,2015/02/18,487544550,9750891,357069741,16,24,26,28,30,31,,,,,,
春節加碼加開獎項,104000015,2015/02/18,487544550,9750891,357069741,05,13,20,45,47,48,,,,,,
春節加碼加開獎項,104000015,2015/02/18,487544550,9750891,357069741,04,05,10,13,20,45,,,,,,
春節加碼加開獎項,104000015,2015/02/18,487544550,9750891,357069741,08,13,40,41,42,48,,,,,,
春節加碼加開獎項,104000015,2015/02/18,487544550,9750891,357069741,04,06,27,30,35,42,,,,,,
春節加碼加開獎項,104000015,2015/02/18,487544550,9750891,357069741,06,26,28,30,46,47,,,,,,
春節加碼加開獎項,104000015,2015/02/18,487544550,9750891,357069741,15,16,32,37,40,44,,,,,,
春節加碼加開獎項,104000015,2015/02/18,487544550,9750891,357069741,07,11,19,22,26,49,,,,,,
春節加碼加開獎項,104000015,2015/02/18,487544550,9750891,357069741,02,06,15,26,28,49,,,,,,
春節加碼加開獎項,104000015,2015/02/18,487544550,9750891,357069741,14,20,33,38,39,47,,,,,,
春節加碼加開獎項,104000015,2015/02/18,487544550,9750891,357069741,08,11,15,29,33,37,,,,,,
春節加碼加開獎項,104000015,2015/02/18,487544550,9750891,357069741,05,10,15,18,41,47,,,,,,
春節加碼加開獎項,104000015,2015/02/18,487544550,9750891,357069741,06,08,20,40,45,47,,,,,,
春節加碼加開獎項,104000015,2015/02/18,487544550,9750891,357069741,01,17,23,28,29,35,,,,,,
春節加碼加開獎項,104000015,2015/02/18,487544550,9750891,357069741,04,18,20,29,34,42,,,,,,
春節加碼加開獎項,104000015,2015/02/18,487544550,9750891,357069741,03,18,21,31,45,46,,,,,,
春節加碼加開獎項,104000015,2015/02/18,487544550,9750891,357069741,16,17,18,36,37,41,,,,,,
春節加碼加開獎項,104000015,2015/02/18,487544550,9750891,357069741,16,21,34,41,42,44,,,,,,
春節加碼加開獎項,104000015,2015/02/18,487544550,9750891,357069741,05,06,19,21,29,38,,,,,,
春節加碼加開獎項,104000015,2015/02/18,487544550,9750891,357069741,27,29,33,41,42,47,,,,,,
春節加碼加開獎項,104000015,2015/02/18,487544550,9750891,357069741,04,16,25,35,40,41,,,,,,
春節加碼加開獎項,104000015,2015/02/18,487544550,9750891,357069741,07,16,27,29,32,48,,,,,,
春節加碼加開獎項,104000015,2015/02/18,487544550,9750891,357069741,10,34,37,38,42,45,,,,,,
春節加碼加開獎項,104000015,2015/02/18,487544550,9750891,357069741,17,22,23,29,36,38,,,,,,
春節加碼加開獎項,104000015,2015/02/18,487544550,9750891,357069741,10,23,34,36,43,49,,,,,,
春節加碼加開獎項,104000015,2015/02/18,487544550,9750891,357069741,07,08,13,14,42,44,,,,,,
春節加碼加開獎項,104000015,2015/02/18,487544550,9750891,357069741,12,20,30,36,38,46,,,,,,
春節加碼加開獎項,104000015,2015/02/18,487544550,9750891,357069741,06,19,29,36,37,47,,,,,,
春節加碼加開獎項,104000015,2015/02/18,487544550,9750891,357069741,07,13,17,32,41,47,,,,,,
春節加碼加開獎項,104000015,2015/02/18,487544550,9750891,357069741,08,10,14,42,43,48,,,,,,
春節加碼加開獎項,104000015,2015/02/18,487544550,9750891,357069741,11,15,33,35,37,41,,,,,,
春節加碼加開獎項,104000015,2015/02/18,487544550,9750891,357069741,02,03,07,10,11,42,,,,,,
春節加碼加開獎項,104000015,2015/02/18,487544550,9750891,357069741,09,13,21,28,40,43,,,,,,
春節加碼加開獎項,104000015,2015/02/18,487544550,9750891,357069741,17,18,21,34,35,39,,,,,,
春節加碼加開獎項,104000015,2015/02/18,487544550,9750891,357069741,11,14,35,39,42,49,,,,,,
春節加碼加開獎項,104000015,2015/02/18,487544550,9750891,357069741,05,20,23,24,28,34,,,,,,
春節加碼加開獎項,104000015,2015/02/18,487544550,9750891,357069741,12,16,19,36,38,42,,,,,,
春節加碼加開獎項,104000015,2015/02/18,487544550,9750891,357069741,03,09,11,19,20,41,,,,,,
春節加碼加開獎項,104000015,2015/02/18,487544550,9750891,357069741,03,07,30,36,43,44,,,,,,
春節加碼加開獎項,104000015,2015/02/18,487544550,9750891,357069741,09,11,15,30,34,44,,,,,,
春節加碼加開獎項,104000015,2015/02/18,487544550,9750891,357069741,05,06,13,17,24,49,,,,,,
春節加碼加開獎項,104000015,2015/02/18,487544550,9750891,357069741,11,23,26,40,41,49,,,,,,
春節加碼加開獎項,104000015,2015/02/18,487544550,9750891,357069741,03,04,13,32,33,38,,,,,,
春節加碼加開獎項,104000015,2015/02/18,487544550,9750891,357069741,08,16,19,22,48,49,,,,,,
春節加碼加開獎項,104000015,2015/02/18,487544550,9750891,357069741,02,03,04,08,26,35,,,,,,
春節加碼加開獎項,104000015,2015/02/18,487544550,9750891,357069741,07,20,21,31,46,48,,,,,,
春節加碼加開獎項,104000015,2015/02/18,487544550,9750891,357069741,26,32,39,45,46,49,,,,,,
春節加碼加開獎項,104000015,2015/02/18,487544550,9750891,357069741,05,06,10,14,26,33,,,,,,
春節加碼加開獎項,104000015,2015/02/18,487544550,9750891,357069741,07,30,35,36,40,49,,,,,,
春節加碼加開獎項,104000015,2015/02/18,487544550,9750891,357069741,13,29,33,41,48,49,,,,,,
春節加碼加開獎項,104000015,2015/02/18,487544550,9750891,357069741,06,07,08,18,26,45,,,,,,
春節加碼加開獎項,104000015,2015/02/18,487544550,9750891,357069741,07,10,24,30,41,44,,,,,,
春節加碼加開獎項,104000015,2015/02/18,487544550,9750891,357069741,02,20,30,35,40,47,,,,,,
春節加碼加開獎項,104000015,2015/02/18,487544550,9750891,357069741,03,23,34,35,37,45,,,,,,
春節加碼加開獎項,104000015,2015/02/18,487544550,9750891,357069741,02,04,08,21,24,48,,,,,,
春節加碼加開獎項,104000015,2015/02/18,487544550,9750891,357069741,02,08,10,15,37,41,,,,,,
春節加碼加開獎項,104000015,2015/02/18,487544550,9750891,357069741,02,10,26,30,31,45,,,,,,
春節加碼加開獎項,104000015,2015/02/18,487544550,9750891,357069741,02,18,21,37,41,42,,,,,,
春節加碼加開獎項,104000015,2015/02/18,487544550,9750891,357069741,13,16,17,36,41,44,,,,,,
春節加碼加開獎項,104000015,2015/02/18,487544550,9750891,357069741,03,09,20,39,40,43,,,,,,
春節加碼加開獎項,104000015,2015/02/18,487544550,9750891,357069741,05,08,20,23,39,49,,,,,,
春節加碼加開獎項,104000015,2015/02/18,487544550,9750891,357069741,01,17,19,21,39,49,,,,,,
春節加碼加開獎項,104000015,2015/02/18,487544550,9750891,357069741,05,16,31,32,45,49,,,,,,
春節加碼加開獎項,104000015,2015/02/18,487544550,9750891,357069741,06,27,33,35,39,43,,,,,,
春節加碼加開獎項,104000015,2015/02/18,487544550,9750891,357069741,14,38,39,41,44,49,,,,,,
春節加碼加開獎項,104000015,2015/02/18,487544550,9750891,357069741,07,09,13,27,28,40,,,,,,
春節加碼加開獎項,104000015,2015/02/18,487544550,9750891,357069741,07,18,30,41,45,49,,,,,,
春節加碼加開獎項,104000015,2015/02/18,487544550,9750891,357069741,04,26,32,37,39,47,,,,,,
春節加碼加開獎項,104000015,2015/02/18,487544550,9750891,357069741,08,24,26,29,40,41,,,,,,
春節加碼加開獎項,104000015,2015/02/18,487544550,9750891,357069741,13,14,23,25,45,47,,,,,,
春節加碼加開獎項,104000015,2015/02/18,487544550,9750891,357069741,05,25,41,42,43,45,,,,,,
春節加碼加開獎項,104000015,2015/02/18,487544550,9750891,357069741,03,14,19,20,25,47,,,,,,
春節加碼加開獎項,104000015,2015/02/18,487544550,9750891,357069741,03,15,17,18,21,35,,,,,,
春節加碼加開獎項,104000015,2015/02/18,487544550,9750891,357069741,14,24,38,39,43,44,,,,,,
春節加碼加開獎項,104000015,2015/02/18,487544550,9750891,357069741,14,33,36,38,40,43,,,,,,
春節加碼加開獎項,104000015,2015/02/18,487544550,9750891,357069741,05,09,18,19,26,37,,,,,,
春節加碼加開獎項,104000015,2015/02/18,487544550,9750891,357069741,10,15,25,26,27,44,,,,,,
春節加碼加開獎項,104000015,2015/02/18,487544550,9750891,357069741,09,25,42,45,47,48,,,,,,
春節加碼加開獎項,104000015,2015/02/18,487544550,9750891,357069741,12,15,35,36,41,49,,,,,,
春節加碼加開獎項,104000015,2015/02/18,487544550,9750891,357069741,10,29,30,37,45,49,,,,,,
春節加碼加開獎項,104000015,2015/02/18,487544550,9750891,357069741,02,08,24,32,42,48,,,,,,
春節加碼加開獎項,104000015,2015/02/18,487544550,9750891,357069741,01,04,11,21,36,48,,,,,,
春節加碼加開獎項,104000015,2015/02/18,487544550,9750891,357069741,01,04,14,23,25,48,,,,,,
春節加碼加開獎項,104000015,2015/02/18,487544550,9750891,357069741,04,09,15,19,24,26,,,,,,
春節加碼加開獎項,104000015,2015/02/18,487544550,9750891,357069741,14,18,24,33,35,36,,,,,,
春節加碼加開獎項,104000015,2015/02/18,487544550,9750891,357069741,01,13,17,23,24,49,,,,,,
春節加碼加開獎項,104000015,2015/02/18,487544550,9750891,357069741,01,04,20,23,32,46,,,,,,
春節加碼加開獎項,104000015,2015/02/18,487544550,9750891,357069741,36,37,43,46,48,49,,,,,,
春節加碼加開獎項,104000015,2015/02/18,487544550,9750891,357069741,04,06,07,34,41,46,,,,,,
春節加碼加開獎項,104000015,2015/02/18,487544550,9750891,357069741,15,17,19,23,27,45,,,,,,
春節加碼加開獎項,104000015,2015/02/18,487544550,9750891,357069741,05,15,17,21,29,30,,,,,,
春節加碼加開獎項,104000015,2015/02/18,487544550,9750891,357069741,02,12,18,19,34,42,,,,,,
春節加碼加開獎項,104000015,2015/02/18,487544550,9750891,357069741,02,15,25,26,39,42,,,,,,
春節加碼加開獎項,104000015,2015/02/18,487544550,9750891,357069741,13,15,17,36,43,45,,,,,,
春節加碼加開獎項,104000015,2015/02/18,487544550,9750891,357069741,10,12,17,29,37,39,,,,,,
春節加碼加開獎項,104000016,2015/02/19,516089850,10321797,476305046,15,19,26,30,38,41,,,,,,
春節加碼加開獎項,104000016,2015/02/19,516089850,10321797,476305046,06,10,11,20,25,47,,,,,,
春節加碼加開獎項,104000016,2015/02/19,516089850,10321797,476305046,01,05,21,28,41,44,,,,,,
春節加碼加開獎項,104000016,2015/02/19,516089850,10321797,476305046,06,10,18,23,26,42,,,,,,
春節加碼加開獎項,104000016,2015/02/19,516089850,10321797,476305046,03,20,34,41,44,46,,,,,,
春節加碼加開獎項,104000016,2015/02/19,516089850,10321797,476305046,04,21,25,34,45,48,,,,,,
春節加碼加開獎項,104000016,2015/02/19,516089850,10321797,476305046,05,07,23,24,26,42,,,,,,
春節加碼加開獎項,104000016,2015/02/19,516089850,10321797,476305046,08,12,24,34,35,40,,,,,,
春節加碼加開獎項,104000016,2015/02/19,516089850,10321797,476305046,07,08,09,32,33,34,,,,,,
春節加碼加開獎項,104000016,2015/02/19,516089850,10321797,476305046,14,20,23,26,28,42,,,,,,
春節加碼加開獎項,104000016,2015/02/19,516089850,10321797,476305046,05,06,14,24,30,34,,,,,,
春節加碼加開獎項,104000016,2015/02/19,516089850,10321797,476305046,12,31,36,46,47,48,,,,,,
春節加碼加開獎項,104000016,2015/02/19,516089850,10321797,476305046,03,12,27,44,47,48,,,,,,
春節加碼加開獎項,104000016,2015/02/19,516089850,10321797,476305046,07,09,22,30,34,45,,,,,,
春節加碼加開獎項,104000016,2015/02/19,516089850,10321797,476305046,08,12,26,29,44,49,,,,,,
春節加碼加開獎項,104000016,2015/02/19,516089850,10321797,476305046,26,28,31,35,37,48,,,,,,
春節加碼加開獎項,104000016,2015/02/19,516089850,10321797,476305046,13,18,22,26,28,37,,,,,,
春節加碼加開獎項,104000016,2015/02/19,516089850,10321797,476305046,13,22,31,37,43,47,,,,,,
春節加碼加開獎項,104000016,2015/02/19,516089850,10321797,476305046,06,15,17,22,36,40,,,,,,
春節加碼加開獎項,104000016,2015/02/19,516089850,10321797,476305046,05,14,15,42,45,46,,,,,,
春節加碼加開獎項,104000016,2015/02/19,516089850,10321797,476305046,01,02,23,28,41,46,,,,,,
春節加碼加開獎項,104000016,2015/02/19,516089850,10321797,476305046,03,15,23,35,36,46,,,,,,
春節加碼加開獎項,104000016,2015/02/19,516089850,10321797,476305046,02,07,13,14,18,26,,,,,,
春節加碼加開獎項,104000016,2015/02/19,516089850,10321797,476305046,02,05,06,15,43,45,,,,,,
春節加碼加開獎項,104000016,2015/02/19,516089850,10321797,476305046,05,13,19,25,28,29,,,,,,
春節加碼加開獎項,104000016,2015/02/19,516089850,10321797,476305046,01,08,09,20,34,38,,,,,,
春節加碼加開獎項,104000016,2015/02/19,516089850,10321797,476305046,03,22,27,33,41,47,,,,,,
春節加碼加開獎項,104000016,2015/02/19,516089850,10321797,476305046,17,19,32,36,44,45,,,,,,
春節加碼加開獎項,104000016,2015/02/19,516089850,10321797,476305046,02,20,26,30,44,49,,,,,,
春節加碼加開獎項,104000016,2015/02/19,516089850,10321797,476305046,02,08,14,18,29,46,,,,,,
春節加碼加開獎項,104000016,2015/02/19,516089850,10321797,476305046,11,22,31,39,45,49,,,,,,
春節加碼加開獎項,104000016,2015/02/19,516089850,10321797,476305046,08,14,34,36,37,47,,,,,,
春節加碼加開獎項,104000016,2015/02/19,516089850,10321797,476305046,06,10,22,26,31,36,,,,,,
春節加碼加開獎項,104000016,2015/02/19,516089850,10321797,476305046,02,06,18,20,23,34,,,,,,
春節加碼加開獎項,104000016,2015/02/19,516089850,10321797,476305046,09,13,38,44,45,49,,,,,,
春節加碼加開獎項,104000016,2015/02/19,516089850,10321797,476305046,03,21,22,38,41,42,,,,,,
春節加碼加開獎項,104000016,2015/02/19,516089850,10321797,476305046,04,19,35,36,37,43,,,,,,
春節加碼加開獎項,104000016,2015/02/19,516089850,10321797,476305046,09,12,21,22,27,45,,,,,,
春節加碼加開獎項,104000016,2015/02/19,516089850,10321797,476305046,01,27,31,32,36,44,,,,,,
春節加碼加開獎項,104000016,2015/02/19,516089850,10321797,476305046,06,07,11,30,33,38,,,,,,
春節加碼加開獎項,104000016,2015/02/19,516089850,10321797,476305046,01,09,10,31,41,42,,,,,,
春節加碼加開獎項,104000016,2015/02/19,516089850,10321797,476305046,04,08,09,13,25,32,,,,,,
春節加碼加開獎項,104000016,2015/02/19,516089850,10321797,476305046,01,04,14,31,43,49,,,,,,
春節加碼加開獎項,104000016,2015/02/19,516089850,10321797,476305046,24,29,35,38,46,47,,,,,,
春節加碼加開獎項,104000016,2015/02/19,516089850,10321797,476305046,03,12,20,25,26,31,,,,,,
春節加碼加開獎項,104000016,2015/02/19,516089850,10321797,476305046,10,17,19,24,27,37,,,,,,
春節加碼加開獎項,104000016,2015/02/19,516089850,10321797,476305046,21,32,35,36,38,40,,,,,,
春節加碼加開獎項,104000016,2015/02/19,516089850,10321797,476305046,10,12,17,22,35,38,,,,,,
春節加碼加開獎項,104000016,2015/02/19,516089850,10321797,476305046,03,04,10,36,40,44,,,,,,
春節加碼加開獎項,104000016,2015/02/19,516089850,10321797,476305046,18,19,21,32,34,39,,,,,,
春節加碼加開獎項,104000016,2015/02/19,516089850,10321797,476305046,09,14,33,34,40,41,,,,,,
春節加碼加開獎項,104000016,2015/02/19,516089850,10321797,476305046,16,17,19,26,27,49,,,,,,
春節加碼加開獎項,104000016,2015/02/19,516089850,10321797,476305046,04,07,26,27,38,48,,,,,,
春節加碼加開獎項,104000016,2015/02/19,516089850,10321797,476305046,12,14,26,30,39,42,,,,,,
春節加碼加開獎項,104000016,2015/02/19,516089850,10321797,476305046,01,05,24,25,32,39,,,,,,
春節加碼加開獎項,104000016,2015/02/19,516089850,10321797,476305046,20,24,27,35,37,42,,,,,,
春節加碼加開獎項,104000016,2015/02/19,516089850,10321797,476305046,01,05,23,25,35,38,,,,,,
春節加碼加開獎項,104000016,2015/02/19,516089850,10321797,476305046,06,17,23,25,37,41,,,,,,
春節加碼加開獎項,104000016,2015/02/19,516089850,10321797,476305046,01,02,20,32,33,41,,,,,,
春節加碼加開獎項,104000016,2015/02/19,516089850,10321797,476305046,09,23,24,26,42,49,,,,,,
春節加碼加開獎項,104000016,2015/02/19,516089850,10321797,476305046,02,13,19,27,29,37,,,,,,
春節加碼加開獎項,104000016,2015/02/19,516089850,10321797,476305046,16,29,30,41,42,47,,,,,,
春節加碼加開獎項,104000016,2015/02/19,516089850,10321797,476305046,12,18,24,40,45,47,,,,,,
春節加碼加開獎項,104000016,2015/02/19,516089850,10321797,476305046,03,08,14,31,35,45,,,,,,
春節加碼加開獎項,104000016,2015/02/19,516089850,10321797,476305046,03,22,26,29,33,41,,,,,,
春節加碼加開獎項,104000016,2015/02/19,516089850,10321797,476305046,02,03,24,25,34,43,,,,,,
春節加碼加開獎項,104000016,2015/02/19,516089850,10321797,476305046,10,20,30,38,45,47,,,,,,
春節加碼加開獎項,104000016,2015/02/19,516089850,10321797,476305046,07,12,33,40,46,47,,,,,,
春節加碼加開獎項,104000016,2015/02/19,516089850,10321797,476305046,07,16,18,33,45,49,,,,,,
春節加碼加開獎項,104000016,2015/02/19,516089850,10321797,476305046,05,12,17,18,22,41,,,,,,
春節加碼加開獎項,104000016,2015/02/19,516089850,10321797,476305046,31,34,37,38,43,45,,,,,,
春節加碼加開獎項,104000016,2015/02/19,516089850,10321797,476305046,12,13,16,17,28,43,,,,,,
春節加碼加開獎項,104000016,2015/02/19,516089850,10321797,476305046,01,27,32,34,42,49,,,,,,
春節加碼加開獎項,104000016,2015/02/19,516089850,10321797,476305046,07,20,30,36,41,42,,,,,,
春節加碼加開獎項,104000016,2015/02/19,516089850,10321797,476305046,07,21,23,39,43,48,,,,,,
春節加碼加開獎項,104000016,2015/02/19,516089850,10321797,476305046,10,11,31,33,35,36,,,,,,
春節加碼加開獎項,104000016,2015/02/19,516089850,10321797,476305046,02,06,14,33,45,48,,,,,,
春節加碼加開獎項,104000016,2015/02/19,516089850,10321797,476305046,08,20,23,27,44,49,,,,,,
春節加碼加開獎項,104000016,2015/02/19,516089850,10321797,476305046,01,02,15,16,19,31,,,,,,
春節加碼加開獎項,104000016,2015/02/19,516089850,10321797,476305046,09,14,28,43,44,46,,,,,,
春節加碼加開獎項,104000016,2015/02/19,516089850,10321797,476305046,18,19,22,33,45,46,,,,,,
春節加碼加開獎項,104000016,2015/02/19,516089850,10321797,476305046,03,04,10,20,37,45,,,,,,
春節加碼加開獎項,104000016,2015/02/19,516089850,10321797,476305046,03,15,26,34,38,46,,,,,,
春節加碼加開獎項,104000016,2015/02/19,516089850,10321797,476305046,11,13,17,27,41,42,,,,,,
春節加碼加開獎項,104000016,2015/02/19,516089850,10321797,476305046,02,09,13,21,34,45,,,,,,
春節加碼加開獎項,104000016,2015/02/19,516089850,10321797,476305046,02,18,22,27,32,40,,,,,,
春節加碼加開獎項,104000016,2015/02/19,516089850,10321797,476305046,06,12,22,28,35,37,,,,,,
春節加碼加開獎項,104000016,2015/02/19,516089850,10321797,476305046,15,26,44,46,47,49,,,,,,
春節加碼加開獎項,104000016,2015/02/19,516089850,10321797,476305046,03,04,14,16,29,41,,,,,,
春節加碼加開獎項,104000016,2015/02/19,516089850,10321797,476305046,05,19,27,32,35,41,,,,,,
春節加碼加開獎項,104000016,2015/02/19,516089850,10321797,476305046,09,27,29,39,47,49,,,,,,
春節加碼加開獎項,104000016,2015/02/19,516089850,10321797,476305046,19,28,30,32,39,40,,,,,,
春節加碼加開獎項,104000016,2015/02/19,516089850,10321797,476305046,05,27,36,40,47,48,,,,,,
春節加碼加開獎項,104000016,2015/02/19,516089850,10321797,476305046,03,06,21,34,36,43,,,,,,
春節加碼加開獎項,104000016,2015/02/19,516089850,10321797,476305046,04,09,12,31,32,43,,,,,,
春節加碼加開獎項,104000016,2015/02/19,516089850,10321797,476305046,05,09,34,38,45,47,,,,,,
春節加碼加開獎項,104000016,2015/02/19,516089850,10321797,476305046,05,14,15,27,33,43,,,,,,
春節加碼加開獎項,104000016,2015/02/19,516089850,10321797,476305046,02,12,15,18,21,41,,,,,,
春節加碼加開獎項,104000016,2015/02/19,516089850,10321797,476305046,04,06,17,32,43,49,,,,,,
春節加碼加開獎項,104000016,2015/02/19,516089850,10321797,476305046,12,19,27,36,42,44,,,,,,
春節加碼加開獎項,104000017,2015/02/20,559593750,11191875,614407269,07,08,13,15,29,33,,,,,,
春節加碼加開獎項,104000017,2015/02/20,559593750,11191875,614407269,11,23,24,39,48,49,,,,,,
春節加碼加開獎項,104000017,2015/02/20,559593750,11191875,614407269,28,29,38,40,42,49,,,,,,
春節加碼加開獎項,104000017,2015/02/20,559593750,11191875,614407269,10,15,23,31,38,48,,,,,,
春節加碼加開獎項,104000017,2015/02/20,559593750,11191875,614407269,14,15,22,32,33,35,,,,,,
春節加碼加開獎項,104000017,2015/02/20,559593750,11191875,614407269,21,22,23,30,43,49,,,,,,
春節加碼加開獎項,104000017,2015/02/20,559593750,11191875,614407269,05,07,13,30,32,46,,,,,,
春節加碼加開獎項,104000017,2015/02/20,559593750,11191875,614407269,02,09,11,16,30,49,,,,,,
春節加碼加開獎項,104000017,2015/02/20,559593750,11191875,614407269,01,06,13,42,43,45,,,,,,
春節加碼加開獎項,104000017,2015/02/20,559593750,11191875,614407269,03,06,12,18,37,44,,,,,,
春節加碼加開獎項,104000017,2015/02/20,559593750,11191875,614407269,01,05,12,15,37,46,,,,,,
春節加碼加開獎項,104000017,2015/02/20,559593750,11191875,614407269,06,07,12,14,20,29,,,,,,
春節加碼加開獎項,104000017,2015/02/20,559593750,11191875,614407269,09,19,21,23,28,48,,,,,,
春節加碼加開獎項,104000017,2015/02/20,559593750,11191875,614407269,04,05,25,26,31,40,,,,,,
春節加碼加開獎項,104000017,2015/02/20,559593750,11191875,614407269,01,03,10,19,38,42,,,,,,
春節加碼加開獎項,104000017,2015/02/20,559593750,11191875,614407269,12,14,35,46,47,49,,,,,,
春節加碼加開獎項,104000017,2015/02/20,559593750,11191875,614407269,03,05,20,24,41,45,,,,,,
春節加碼加開獎項,104000017,2015/02/20,559593750,11191875,614407269,06,11,14,16,21,43,,,,,,
春節加碼加開獎項,104000017,2015/02/20,559593750,11191875,614407269,01,13,24,31,39,44,,,,,,
春節加碼加開獎項,104000017,2015/02/20,559593750,11191875,614407269,02,11,12,18,30,47,,,,,,
春節加碼加開獎項,104000017,2015/02/20,559593750,11191875,614407269,02,03,17,19,23,28,,,,,,
春節加碼加開獎項,104000017,2015/02/20,559593750,11191875,614407269,04,05,11,12,14,36,,,,,,
春節加碼加開獎項,104000017,2015/02/20,559593750,11191875,614407269,30,31,36,37,39,49,,,,,,
春節加碼加開獎項,104000017,2015/02/20,559593750,11191875,614407269,01,11,14,16,17,49,,,,,,
春節加碼加開獎項,104000017,2015/02/20,559593750,11191875,614407269,02,08,14,27,38,47,,,,,,
春節加碼加開獎項,104000017,2015/02/20,559593750,11191875,614407269,01,16,22,25,42,48,,,,,,
春節加碼加開獎項,104000017,2015/02/20,559593750,11191875,614407269,02,04,12,21,39,41,,,,,,
春節加碼加開獎項,104000017,2015/02/20,559593750,11191875,614407269,23,24,28,33,37,44,,,,,,
春節加碼加開獎項,104000017,2015/02/20,559593750,11191875,614407269,02,10,16,31,33,34,,,,,,
春節加碼加開獎項,104000017,2015/02/20,559593750,11191875,614407269,05,22,23,24,27,28,,,,,,
春節加碼加開獎項,104000017,2015/02/20,559593750,11191875,614407269,03,13,23,24,36,49,,,,,,
春節加碼加開獎項,104000017,2015/02/20,559593750,11191875,614407269,02,11,29,30,31,34,,,,,,
春節加碼加開獎項,104000017,2015/02/20,559593750,11191875,614407269,08,13,14,15,24,31,,,,,,
春節加碼加開獎項,104000017,2015/02/20,559593750,11191875,614407269,09,17,33,40,41,43,,,,,,
春節加碼加開獎項,104000017,2015/02/20,559593750,11191875,614407269,03,13,31,32,37,44,,,,,,
春節加碼加開獎項,104000017,2015/02/20,559593750,11191875,614407269,02,09,10,13,32,48,,,,,,
春節加碼加開獎項,104000017,2015/02/20,559593750,11191875,614407269,02,07,23,28,35,39,,,,,,
春節加碼加開獎項,104000017,2015/02/20,559593750,11191875,614407269,05,10,24,28,40,47,,,,,,
春節加碼加開獎項,104000017,2015/02/20,559593750,11191875,614407269,06,11,27,36,41,45,,,,,,
春節加碼加開獎項,104000017,2015/02/20,559593750,11191875,614407269,03,09,27,32,38,45,,,,,,
春節加碼加開獎項,104000017,2015/02/20,559593750,11191875,614407269,04,05,06,14,30,35,,,,,,
春節加碼加開獎項,104000017,2015/02/20,559593750,11191875,614407269,08,15,20,22,41,42,,,,,,
春節加碼加開獎項,104000017,2015/02/20,559593750,11191875,614407269,10,16,17,18,26,41,,,,,,
春節加碼加開獎項,104000017,2015/02/20,559593750,11191875,614407269,08,15,18,26,46,47,,,,,,
春節加碼加開獎項,104000017,2015/02/20,559593750,11191875,614407269,07,10,17,25,28,39,,,,,,
春節加碼加開獎項,104000017,2015/02/20,559593750,11191875,614407269,06,11,26,28,39,48,,,,,,
春節加碼加開獎項,104000017,2015/02/20,559593750,11191875,614407269,02,21,26,28,30,41,,,,,,
春節加碼加開獎項,104000017,2015/02/20,559593750,11191875,614407269,05,12,23,38,39,47,,,,,,
春節加碼加開獎項,104000017,2015/02/20,559593750,11191875,614407269,06,11,12,35,42,45,,,,,,
春節加碼加開獎項,104000017,2015/02/20,559593750,11191875,614407269,12,13,18,36,38,41,,,,,,
春節加碼加開獎項,104000017,2015/02/20,559593750,11191875,614407269,11,26,32,37,39,49,,,,,,
春節加碼加開獎項,104000017,2015/02/20,559593750,11191875,614407269,23,24,27,31,47,48,,,,,,
春節加碼加開獎項,104000017,2015/02/20,559593750,11191875,614407269,21,24,25,34,36,48,,,,,,
春節加碼加開獎項,104000017,2015/02/20,559593750,11191875,614407269,03,12,14,24,27,36,,,,,,
春節加碼加開獎項,104000017,2015/02/20,559593750,11191875,614407269,07,11,12,13,17,39,,,,,,
春節加碼加開獎項,104000017,2015/02/20,559593750,11191875,614407269,11,18,23,27,38,40,,,,,,
春節加碼加開獎項,104000017,2015/02/20,559593750,11191875,614407269,05,08,12,33,35,49,,,,,,
春節加碼加開獎項,104000017,2015/02/20,559593750,11191875,614407269,07,19,22,31,32,44,,,,,,
春節加碼加開獎項,104000017,2015/02/20,559593750,11191875,614407269,01,15,20,28,37,45,,,,,,
春節加碼加開獎項,104000017,2015/02/20,559593750,11191875,614407269,10,22,23,38,41,44,,,,,,
春節加碼加開獎項,104000017,2015/02/20,559593750,11191875,614407269,01,04,12,27,35,41,,,,,,
春節加碼加開獎項,104000017,2015/02/20,559593750,11191875,614407269,01,17,18,24,32,35,,,,,,
春節加碼加開獎項,104000017,2015/02/20,559593750,11191875,614407269,01,14,16,21,37,44,,,,,,
春節加碼加開獎項,104000017,2015/02/20,559593750,11191875,614407269,02,22,36,39,42,47,,,,,,
春節加碼加開獎項,104000017,2015/02/20,559593750,11191875,614407269,03,13,18,19,28,31,,,,,,
春節加碼加開獎項,104000017,2015/02/20,559593750,11191875,614407269,09,18,25,27,29,48,,,,,,
春節加碼加開獎項,104000017,2015/02/20,559593750,11191875,614407269,04,08,11,37,45,49,,,,,,
春節加碼加開獎項,104000017,2015/02/20,559593750,11191875,614407269,07,21,22,24,30,39,,,,,,
春節加碼加開獎項,104000017,2015/02/20,559593750,11191875,614407269,11,21,23,24,32,47,,,,,,
春節加碼加開獎項,104000017,2015/02/20,559593750,11191875,614407269,06,12,15,20,38,42,,,,,,
春節加碼加開獎項,104000017,2015/02/20,559593750,11191875,614407269,09,14,22,32,43,45,,,,,,
春節加碼加開獎項,104000017,2015/02/20,559593750,11191875,614407269,04,12,19,28,35,38,,,,,,
春節加碼加開獎項,104000017,2015/02/20,559593750,11191875,614407269,07,10,36,42,43,45,,,,,,
春節加碼加開獎項,104000017,2015/02/20,559593750,11191875,614407269,08,30,38,42,46,49,,,,,,
春節加碼加開獎項,104000017,2015/02/20,559593750,11191875,614407269,12,14,19,26,28,48,,,,,,
春節加碼加開獎項,104000017,2015/02/20,559593750,11191875,614407269,03,11,12,13,19,47,,,,,,
春節加碼加開獎項,104000017,2015/02/20,559593750,11191875,614407269,01,06,12,17,26,44,,,,,,
春節加碼加開獎項,104000017,2015/02/20,559593750,11191875,614407269,05,15,27,31,33,40,,,,,,
春節加碼加開獎項,104000017,2015/02/20,559593750,11191875,614407269,03,23,27,37,41,47,,,,,,
春節加碼加開獎項,104000017,2015/02/20,559593750,11191875,614407269,04,05,07,23,34,44,,,,,,
春節加碼加開獎項,104000017,2015/02/20,559593750,11191875,614407269,06,07,25,32,35,46,,,,,,
春節加碼加開獎項,104000017,2015/02/20,559593750,11191875,614407269,03,09,18,20,22,43,,,,,,
春節加碼加開獎項,104000017,2015/02/20,559593750,11191875,614407269,13,30,36,46,47,48,,,,,,
春節加碼加開獎項,104000017,2015/02/20,559593750,11191875,614407269,12,18,19,22,25,37,,,,,,
春節加碼加開獎項,104000017,2015/02/20,559593750,11191875,614407269,02,07,17,25,40,45,,,,,,
春節加碼加開獎項,104000017,2015/02/20,559593750,11191875,614407269,03,06,14,32,39,47,,,,,,
春節加碼加開獎項,104000017,2015/02/20,559593750,11191875,614407269,04,07,13,19,31,45,,,,,,
春節加碼加開獎項,104000017,2015/02/20,559593750,11191875,614407269,21,22,32,40,44,47,,,,,,
春節加碼加開獎項,104000017,2015/02/20,559593750,11191875,614407269,09,22,25,28,45,48,,,,,,
春節加碼加開獎項,104000017,2015/02/20,559593750,11191875,614407269,14,19,23,26,30,49,,,,,,
春節加碼加開獎項,104000017,2015/02/20,559593750,11191875,614407269,17,20,24,26,29,44,,,,,,
春節加碼加開獎項,104000017,2015/02/20,559593750,11191875,614407269,13,14,19,29,42,45,,,,,,
春節加碼加開獎項,104000017,2015/02/20,559593750,11191875,614407269,08,12,18,21,39,49,,,,,,
春節加碼加開獎項,104000017,2015/02/20,559593750,11191875,614407269,16,19,28,32,41,44,,,,,,
春節加碼加開獎項,104000017,2015/02/20,559593750,11191875,614407269,09,10,22,32,44,46,,,,,,
春節加碼加開獎項,104000017,2015/02/20,559593750,11191875,614407269,01,15,28,35,44,49,,,,,,
春節加碼加開獎項,104000017,2015/02/20,559593750,11191875,614407269,17,24,30,39,41,44,,,,,,
春節加碼加開獎項,104000017,2015/02/20,559593750,11191875,614407269,03,14,28,38,42,43,,,,,,
春節加碼加開獎項,104000017,2015/02/20,559593750,11191875,614407269,05,15,20,29,41,48,,,,,,
春節加碼加開獎項,104000017,2015/02/20,559593750,11191875,614407269,02,07,08,14,21,45,,,,,,
春節加碼加開獎項,104000018,2015/02/21,308408150,6168163,169624482,01,11,20,24,27,36,,,,,,
春節加碼加開獎項,104000018,2015/02/21,308408150,6168163,169624482,11,12,30,36,37,43,,,,,,
春節加碼加開獎項,104000018,2015/02/21,308408150,6168163,169624482,02,30,37,42,45,47,,,,,,
春節加碼加開獎項,104000018,2015/02/21,308408150,6168163,169624482,03,06,19,21,34,37,,,,,,
春節加碼加開獎項,104000018,2015/02/21,308408150,6168163,169624482,03,22,23,28,29,33,,,,,,
春節加碼加開獎項,104000018,2015/02/21,308408150,6168163,169624482,02,07,11,15,19,38,,,,,,
春節加碼加開獎項,104000018,2015/02/21,308408150,6168163,169624482,05,15,22,25,42,46,,,,,,
春節加碼加開獎項,104000018,2015/02/21,308408150,6168163,169624482,07,10,23,25,29,41,,,,,,
春節加碼加開獎項,104000018,2015/02/21,308408150,6168163,169624482,07,10,31,32,37,43,,,,,,
春節加碼加開獎項,104000018,2015/02/21,308408150,6168163,169624482,12,19,30,36,39,46,,,,,,
春節加碼加開獎項,104000018,2015/02/21,308408150,6168163,169624482,06,12,29,32,33,35,,,,,,
春節加碼加開獎項,104000018,2015/02/21,308408150,6168163,169624482,04,08,11,14,33,42,,,,,,
春節加碼加開獎項,104000018,2015/02/21,308408150,6168163,169624482,04,15,16,26,29,47,,,,,,
春節加碼加開獎項,104000018,2015/02/21,308408150,6168163,169624482,12,16,20,31,44,46,,,,,,
春節加碼加開獎項,104000018,2015/02/21,308408150,6168163,169624482,02,05,07,27,29,40,,,,,,
春節加碼加開獎項,104000018,2015/02/21,308408150,6168163,169624482,02,16,33,38,41,44,,,,,,
春節加碼加開獎項,104000018,2015/02/21,308408150,6168163,169624482,07,12,30,33,45,46,,,,,,
春節加碼加開獎項,104000018,2015/02/21,308408150,6168163,169624482,09,14,19,26,34,40,,,,,,
春節加碼加開獎項,104000018,2015/02/21,308408150,6168163,169624482,01,02,13,20,36,44,,,,,,
春節加碼加開獎項,104000018,2015/02/21,308408150,6168163,169624482,15,18,28,32,36,42,,,,,,
春節加碼加開獎項,104000018,2015/02/21,308408150,6168163,169624482,08,20,37,38,44,48,,,,,,
春節加碼加開獎項,104000018,2015/02/21,308408150,6168163,169624482,03,06,09,31,36,43,,,,,,
春節加碼加開獎項,104000018,2015/02/21,308408150,6168163,169624482,19,20,22,25,28,32,,,,,,
春節加碼加開獎項,104000018,2015/02/21,308408150,6168163,169624482,03,11,15,23,32,48,,,,,,
春節加碼加開獎項,104000018,2015/02/21,308408150,6168163,169624482,22,23,27,28,31,35,,,,,,
春節加碼加開獎項,104000018,2015/02/21,308408150,6168163,169624482,15,21,33,35,47,48,,,,,,
春節加碼加開獎項,104000018,2015/02/21,308408150,6168163,169624482,07,08,13,15,26,31,,,,,,
春節加碼加開獎項,104000018,2015/02/21,308408150,6168163,169624482,02,15,25,33,45,47,,,,,,
春節加碼加開獎項,104000018,2015/02/21,308408150,6168163,169624482,07,10,14,19,26,39,,,,,,
春節加碼加開獎項,104000018,2015/02/21,308408150,6168163,169624482,14,29,36,40,46,49,,,,,,
春節加碼加開獎項,104000018,2015/02/21,308408150,6168163,169624482,02,07,11,34,35,42,,,,,,
春節加碼加開獎項,104000018,2015/02/21,308408150,6168163,169624482,16,20,26,27,34,40,,,,,,
春節加碼加開獎項,104000018,2015/02/21,308408150,6168163,169624482,03,17,18,21,43,45,,,,,,
春節加碼加開獎項,104000018,2015/02/21,308408150,6168163,169624482,06,37,39,41,46,48,,,,,,
春節加碼加開獎項,104000018,2015/02/21,308408150,6168163,169624482,05,12,14,17,22,45,,,,,,
春節加碼加開獎項,104000018,2015/02/21,308408150,6168163,169624482,03,06,12,18,30,36,,,,,,
春節加碼加開獎項,104000018,2015/02/21,308408150,6168163,169624482,04,18,26,28,32,48,,,,,,
春節加碼加開獎項,104000018,2015/02/21,308408150,6168163,169624482,12,35,37,39,42,44,,,,,,
春節加碼加開獎項,104000018,2015/02/21,308408150,6168163,169624482,05,12,17,32,34,36,,,,,,
春節加碼加開獎項,104000018,2015/02/21,308408150,6168163,169624482,15,26,30,42,44,46,,,,,,
春節加碼加開獎項,104000018,2015/02/21,308408150,6168163,169624482,04,08,17,24,33,47,,,,,,
春節加碼加開獎項,104000018,2015/02/21,308408150,6168163,169624482,01,09,18,23,28,44,,,,,,
春節加碼加開獎項,104000018,2015/02/21,308408150,6168163,169624482,02,11,21,36,37,38,,,,,,
春節加碼加開獎項,104000018,2015/02/21,308408150,6168163,169624482,17,18,35,39,43,46,,,,,,
春節加碼加開獎項,104000018,2015/02/21,308408150,6168163,169624482,04,07,15,27,31,39,,,,,,
春節加碼加開獎項,104000018,2015/02/21,308408150,6168163,169624482,14,21,24,26,27,37,,,,,,
春節加碼加開獎項,104000018,2015/02/21,308408150,6168163,169624482,06,19,21,32,38,47,,,,,,
春節加碼加開獎項,104000018,2015/02/21,308408150,6168163,169624482,12,15,19,31,33,46,,,,,,
春節加碼加開獎項,104000018,2015/02/21,308408150,6168163,169624482,13,16,19,23,32,43,,,,,,
春節加碼加開獎項,104000018,2015/02/21,308408150,6168163,169624482,27,32,33,38,42,43,,,,,,
春節加碼加開獎項,104000018,2015/02/21,308408150,6168163,169624482,25,27,29,34,38,43,,,,,,
春節加碼加開獎項,104000018,2015/02/21,308408150,6168163,169624482,06,16,20,23,39,49,,,,,,
春節加碼加開獎項,104000018,2015/02/21,308408150,6168163,169624482,04,10,15,29,30,37,,,,,,
春節加碼加開獎項,104000018,2015/02/21,308408150,6168163,169624482,03,05,06,24,30,34,,,,,,
春節加碼加開獎項,104000018,2015/02/21,308408150,6168163,169624482,01,03,21,32,33,46,,,,,,
春節加碼加開獎項,104000018,2015/02/21,308408150,6168163,169624482,01,06,24,25,35,45,,,,,,
春節加碼加開獎項,104000018,2015/02/21,308408150,6168163,169624482,17,36,37,43,47,48,,,,,,
春節加碼加開獎項,104000018,2015/02/21,308408150,6168163,169624482,11,12,29,30,32,47,,,,,,
春節加碼加開獎項,104000018,2015/02/21,308408150,6168163,169624482,03,11,12,19,28,42,,,,,,
春節加碼加開獎項,104000018,2015/02/21,308408150,6168163,169624482,07,13,21,33,36,47,,,,,,
春節加碼加開獎項,104000018,2015/02/21,308408150,6168163,169624482,06,10,23,24,32,41,,,,,,
春節加碼加開獎項,104000018,2015/02/21,308408150,6168163,169624482,22,23,27,32,40,47,,,,,,
春節加碼加開獎項,104000018,2015/02/21,308408150,6168163,169624482,13,14,15,24,30,31,,,,,,
春節加碼加開獎項,104000018,2015/02/21,308408150,6168163,169624482,10,16,21,25,34,40,,,,,,
春節加碼加開獎項,104000018,2015/02/21,308408150,6168163,169624482,02,03,09,23,24,28,,,,,,
春節加碼加開獎項,104000018,2015/02/21,308408150,6168163,169624482,09,23,31,40,41,43,,,,,,
春節加碼加開獎項,104000018,2015/02/21,308408150,6168163,169624482,05,22,25,28,34,38,,,,,,
春節加碼加開獎項,104000018,2015/02/21,308408150,6168163,169624482,02,08,12,21,37,48,,,,,,
春節加碼加開獎項,104000018,2015/02/21,308408150,6168163,169624482,07,19,21,30,31,34,,,,,,
春節加碼加開獎項,104000018,2015/02/21,308408150,6168163,169624482,02,03,09,18,24,29,,,,,,
春節加碼加開獎項,104000018,2015/02/21,308408150,6168163,169624482,02,04,23,24,35,46,,,,,,
春節加碼加開獎項,104000018,2015/02/21,308408150,6168163,169624482,02,19,22,30,33,42,,,,,,
春節加碼加開獎項,104000018,2015/02/21,308408150,6168163,169624482,02,15,23,25,43,49,,,,,,
春節加碼加開獎項,104000018,2015/02/21,308408150,6168163,169624482,03,14,32,39,43,49,,,,,,
春節加碼加開獎項,104000018,2015/02/21,308408150,6168163,169624482,03,04,12,20,28,31,,,,,,
春節加碼加開獎項,104000018,2015/02/21,308408150,6168163,169624482,20,26,31,32,40,47,,,,,,
春節加碼加開獎項,104000018,2015/02/21,308408150,6168163,169624482,10,14,27,33,39,42,,,,,,
春節加碼加開獎項,104000018,2015/02/21,308408150,6168163,169624482,06,08,18,32,46,47,,,,,,
春節加碼加開獎項,104000018,2015/02/21,308408150,6168163,169624482,01,15,21,34,44,48,,,,,,
春節加碼加開獎項,104000018,2015/02/21,308408150,6168163,169624482,03,15,20,21,35,40,,,,,,
春節加碼加開獎項,104000018,2015/02/21,308408150,6168163,169624482,08,21,25,30,38,44,,,,,,
春節加碼加開獎項,104000018,2015/02/21,308408150,6168163,169624482,01,28,33,42,48,49,,,,,,
春節加碼加開獎項,104000018,2015/02/21,308408150,6168163,169624482,04,30,35,37,41,43,,,,,,
春節加碼加開獎項,104000018,2015/02/21,308408150,6168163,169624482,08,09,37,38,39,49,,,,,,
春節加碼加開獎項,104000018,2015/02/21,308408150,6168163,169624482,01,05,24,30,34,49,,,,,,
春節加碼加開獎項,104000018,2015/02/21,308408150,6168163,169624482,03,04,11,23,34,40,,,,,,
春節加碼加開獎項,104000018,2015/02/21,308408150,6168163,169624482,08,11,19,26,27,48,,,,,,
春節加碼加開獎項,104000018,2015/02/21,308408150,6168163,169624482,01,13,19,23,28,35,,,,,,
春節加碼加開獎項,104000018,2015/02/21,308408150,6168163,169624482,05,13,16,21,24,33,,,,,,
春節加碼加開獎項,104000018,2015/02/21,308408150,6168163,169624482,10,26,27,29,32,49,,,,,,
春節加碼加開獎項,104000018,2015/02/21,308408150,6168163,169624482,05,15,20,43,46,47,,,,,,
春節加碼加開獎項,104000018,2015/02/21,308408150,6168163,169624482,18,22,23,29,37,41,,,,,,
春節加碼加開獎項,104000018,2015/02/21,308408150,6168163,169624482,01,04,16,17,19,35,,,,,,
春節加碼加開獎項,104000018,2015/02/21,308408150,6168163,169624482,11,16,21,25,46,48,,,,,,
春節加碼加開獎項,104000018,2015/02/21,308408150,6168163,169624482,02,05,19,20,24,46,,,,,,
春節加碼加開獎項,104000018,2015/02/21,308408150,6168163,169624482,06,28,36,37,41,48,,,,,,
春節加碼加開獎項,104000018,2015/02/21,308408150,6168163,169624482,06,10,12,20,42,49,,,,,,
春節加碼加開獎項,104000018,2015/02/21,308408150,6168163,169624482,25,28,34,36,40,48,,,,,,
春節加碼加開獎項,104000018,2015/02/21,308408150,6168163,169624482,07,08,17,28,36,46,,,,,,
春節加碼加開獎項,104000018,2015/02/21,308408150,6168163,169624482,08,24,25,35,38,49,,,,,,
春節加碼加開獎項,104000018,2015/02/21,308408150,6168163,169624482,24,27,35,37,44,49,,,,,,
春節加碼加開獎項,104000018,2015/02/21,308408150,6168163,169624482,07,17,20,25,32,36,,,,,,
春節加碼加開獎項,104000018,2015/02/21,308408150,6168163,169624482,14,20,24,27,39,41,,,,,,
春節加碼加開獎項,104000018,2015/02/21,308408150,6168163,169624482,02,14,17,18,40,41,,,,,,
春節加碼加開獎項,104000018,2015/02/21,308408150,6168163,169624482,04,08,19,31,48,49,,,,,,
春節加碼加開獎項,104000018,2015/02/21,308408150,6168163,169624482,02,04,08,23,40,45,,,,,,
春節加碼加開獎項,104000018,2015/02/21,308408150,6168163,169624482,02,08,19,35,40,41,,,,,,
春節加碼加開獎項,104000018,2015/02/21,308408150,6168163,169624482,06,07,20,23,47,49,,,,,,
春節加碼加開獎項,104000018,2015/02/21,308408150,6168163,169624482,13,19,22,23,38,45,,,,,,
春節加碼加開獎項,104000018,2015/02/21,308408150,6168163,169624482,13,27,29,32,34,38,,,,,,
春節加碼加開獎項,104000018,2015/02/21,308408150,6168163,169624482,01,06,31,35,41,44,,,,,,
春節加碼加開獎項,104000018,2015/02/21,308408150,6168163,169624482,10,20,24,26,27,40,,,,,,
春節加碼加開獎項,104000018,2015/02/21,308408150,6168163,169624482,06,21,25,27,35,38,,,,,,
春節加碼加開獎項,104000018,2015/02/21,308408150,6168163,169624482,01,03,12,22,28,44,,,,,,
春節加碼加開獎項,104000018,2015/02/21,308408150,6168163,169624482,19,30,40,44,46,48,,,,,,
春節加碼加開獎項,104000018,2015/02/21,308408150,6168163,169624482,02,23,26,36,42,49,,,,,,
春節加碼加開獎項,104000018,2015/02/21,308408150,6168163,169624482,04,15,16,19,41,42,,,,,,
春節加碼加開獎項,104000018,2015/02/21,308408150,6168163,169624482,07,13,21,32,39,43,,,,,,
春節加碼加開獎項,104000018,2015/02/21,308408150,6168163,169624482,08,09,25,28,32,48,,,,,,
春節加碼加開獎項,104000018,2015/02/21,308408150,6168163,169624482,01,16,22,29,39,43,,,,,,
春節加碼加開獎項,104000018,2015/02/21,308408150,6168163,169624482,04,22,23,26,32,35,,,,,,
春節加碼加開獎項,104000018,2015/02/21,308408150,6168163,169624482,10,27,35,42,46,47,,,,,,
春節加碼加開獎項,104000018,2015/02/21,308408150,6168163,169624482,03,14,25,38,41,43,,,,,,
春節加碼加開獎項,104000018,2015/02/21,308408150,6168163,169624482,03,11,14,17,18,40,,,,,,
春節加碼加開獎項,104000018,2015/02/21,308408150,6168163,169624482,01,08,09,16,26,33,,,,,,
春節加碼加開獎項,104000018,2015/02/21,308408150,6168163,169624482,03,05,09,22,31,48,,,,,,
春節加碼加開獎項,104000018,2015/02/21,308408150,6168163,169624482,16,25,27,36,43,48,,,,,,
春節加碼加開獎項,104000018,2015/02/21,308408150,6168163,169624482,02,03,06,22,39,43,,,,,,
春節加碼加開獎項,104000018,2015/02/21,308408150,6168163,169624482,07,26,27,32,37,44,,,,,,
春節加碼加開獎項,104000018,2015/02/21,308408150,6168163,169624482,07,08,18,33,37,43,,,,,,
春節加碼加開獎項,104000018,2015/02/21,308408150,6168163,169624482,08,15,20,24,28,39,,,,,,
春節加碼加開獎項,104000018,2015/02/21,308408150,6168163,169624482,07,17,20,34,35,43,,,,,,
春節加碼加開獎項,104000018,2015/02/21,308408150,6168163,169624482,03,04,11,33,37,45,,,,,,
春節加碼加開獎項,104000018,2015/02/21,308408150,6168163,169624482,07,13,14,25,39,40,,,,,,
春節加碼加開獎項,104000018,2015/02/21,308408150,6168163,169624482,34,35,38,39,40,42,,,,,,
春節加碼加開獎項,104000018,2015/02/21,308408150,6168163,169624482,02,03,12,13,35,49,,,,,,
春節加碼加開獎項,104000018,2015/02/21,308408150,6168163,169624482,15,19,23,26,29,38,,,,,,
春節加碼加開獎項,104000018,2015/02/21,308408150,6168163,169624482,03,15,21,29,40,45,,,,,,
春節加碼加開獎項,104000018,2015/02/21,308408150,6168163,169624482,07,08,18,19,20,32,,,,,,
春節加碼加開獎項,104000018,2015/02/21,308408150,6168163,169624482,05,09,14,16,34,41,,,,,,
春節加碼加開獎項,104000018,2015/02/21,308408150,6168163,169624482,12,14,16,29,33,42,,,,,,
春節加碼加開獎項,104000018,2015/02/21,308408150,6168163,169624482,06,14,19,27,36,42,,,,,,
春節加碼加開獎項,104000018,2015/02/21,308408150,6168163,169624482,05,18,34,38,44,45,,,,,,
春節加碼加開獎項,104000018,2015/02/21,308408150,6168163,169624482,09,29,30,37,38,48,,,,,,
春節加碼加開獎項,104000018,2015/02/21,308408150,6168163,169624482,11,17,22,32,44,46,,,,,,
春節加碼加開獎項,104000018,2015/02/21,308408150,6168163,169624482,04,26,30,37,39,41,,,,,,
春節加碼加開獎項,104000018,2015/02/21,308408150,6168163,169624482,13,22,23,40,45,47,,,,,,
春節加碼加開獎項,104000018,2015/02/21,308408150,6168163,169624482,23,26,27,31,41,48,,,,,,
春節加碼加開獎項,104000019,2015/02/22,260782600,5215652,207098169,08,18,31,32,37,49,,,,,,
春節加碼加開獎項,104000019,2015/02/22,260782600,5215652,207098169,10,13,15,21,25,27,,,,,,
春節加碼加開獎項,104000019,2015/02/22,260782600,5215652,207098169,04,24,42,43,46,49,,,,,,
春節加碼加開獎項,104000019,2015/02/22,260782600,5215652,207098169,02,03,09,27,44,47,,,,,,
春節加碼加開獎項,104000019,2015/02/22,260782600,5215652,207098169,01,06,17,18,19,41,,,,,,
春節加碼加開獎項,104000019,2015/02/22,260782600,5215652,207098169,04,16,21,38,41,43,,,,,,
春節加碼加開獎項,104000019,2015/02/22,260782600,5215652,207098169,04,11,20,22,23,30,,,,,,
春節加碼加開獎項,104000019,2015/02/22,260782600,5215652,207098169,01,03,12,25,34,39,,,,,,
春節加碼加開獎項,104000019,2015/02/22,260782600,5215652,207098169,09,10,13,16,18,43,,,,,,
春節加碼加開獎項,104000019,2015/02/22,260782600,5215652,207098169,03,04,10,18,44,46,,,,,,
春節加碼加開獎項,104000019,2015/02/22,260782600,5215652,207098169,02,03,05,40,43,49,,,,,,
春節加碼加開獎項,104000019,2015/02/22,260782600,5215652,207098169,21,22,25,31,35,48,,,,,,
春節加碼加開獎項,104000019,2015/02/22,260782600,5215652,207098169,03,11,12,21,25,45,,,,,,
春節加碼加開獎項,104000019,2015/02/22,260782600,5215652,207098169,06,16,19,27,33,45,,,,,,
春節加碼加開獎項,104000019,2015/02/22,260782600,5215652,207098169,12,22,23,25,26,44,,,,,,
春節加碼加開獎項,104000019,2015/02/22,260782600,5215652,207098169,01,05,18,24,42,49,,,,,,
春節加碼加開獎項,104000019,2015/02/22,260782600,5215652,207098169,02,05,10,19,39,41,,,,,,
春節加碼加開獎項,104000019,2015/02/22,260782600,5215652,207098169,14,16,18,20,35,47,,,,,,
春節加碼加開獎項,104000019,2015/02/22,260782600,5215652,207098169,05,18,22,23,36,47,,,,,,
春節加碼加開獎項,104000019,2015/02/22,260782600,5215652,207098169,01,08,10,14,20,45,,,,,,
春節加碼加開獎項,104000019,2015/02/22,260782600,5215652,207098169,05,10,15,17,28,40,,,,,,
春節加碼加開獎項,104000019,2015/02/22,260782600,5215652,207098169,11,20,26,33,44,48,,,,,,
春節加碼加開獎項,104000019,2015/02/22,260782600,5215652,207098169,10,11,12,16,21,41,,,,,,
春節加碼加開獎項,104000019,2015/02/22,260782600,5215652,207098169,18,19,22,31,34,41,,,,,,
春節加碼加開獎項,104000019,2015/02/22,260782600,5215652,207098169,01,06,29,31,36,47,,,,,,
春節加碼加開獎項,104000019,2015/02/22,260782600,5215652,207098169,18,20,21,22,25,30,,,,,,
春節加碼加開獎項,104000019,2015/02/22,260782600,5215652,207098169,04,15,16,38,40,47,,,,,,
春節加碼加開獎項,104000019,2015/02/22,260782600,5215652,207098169,03,07,16,26,45,49,,,,,,
春節加碼加開獎項,104000019,2015/02/22,260782600,5215652,207098169,03,09,17,21,42,47,,,,,,
春節加碼加開獎項,104000019,2015/02/22,260782600,5215652,207098169,05,13,24,28,48,49,,,,,,
春節加碼加開獎項,104000019,2015/02/22,260782600,5215652,207098169,12,17,21,25,37,42,,,,,,
春節加碼加開獎項,104000019,2015/02/22,260782600,5215652,207098169,04,06,14,24,25,27,,,,,,
春節加碼加開獎項,104000019,2015/02/22,260782600,5215652,207098169,02,04,13,25,32,46,,,,,,
春節加碼加開獎項,104000019,2015/02/22,260782600,5215652,207098169,18,24,29,33,34,47,,,,,,
春節加碼加開獎項,104000019,2015/02/22,260782600,5215652,207098169,08,10,23,31,35,42,,,,,,
春節加碼加開獎項,104000019,2015/02/22,260782600,5215652,207098169,01,06,07,12,47,48,,,,,,
春節加碼加開獎項,104000019,2015/02/22,260782600,5215652,207098169,13,14,27,31,35,37,,,,,,
春節加碼加開獎項,104000019,2015/02/22,260782600,5215652,207098169,09,10,23,37,40,46,,,,,,
春節加碼加開獎項,104000019,2015/02/22,260782600,5215652,207098169,15,18,20,24,29,34,,,,,,
春節加碼加開獎項,104000019,2015/02/22,260782600,5215652,207098169,01,08,23,26,28,36,,,,,,
春節加碼加開獎項,104000019,2015/02/22,260782600,5215652,207098169,06,17,25,28,31,35,,,,,,
春節加碼加開獎項,104000019,2015/02/22,260782600,5215652,207098169,16,19,32,42,43,48,,,,,,
春節加碼加開獎項,104000019,2015/02/22,260782600,5215652,207098169,01,02,17,25,33,49,,,,,,
春節加碼加開獎項,104000019,2015/02/22,260782600,5215652,207098169,06,19,25,31,34,44,,,,,,
春節加碼加開獎項,104000019,2015/02/22,260782600,5215652,207098169,06,08,24,40,41,43,,,,,,
春節加碼加開獎項,104000019,2015/02/22,260782600,5215652,207098169,03,04,08,10,13,49,,,,,,
春節加碼加開獎項,104000019,2015/02/22,260782600,5215652,207098169,07,18,23,25,32,47,,,,,,
春節加碼加開獎項,104000019,2015/02/22,260782600,5215652,207098169,26,29,37,42,47,48,,,,,,
春節加碼加開獎項,104000019,2015/02/22,260782600,5215652,207098169,01,05,07,24,28,47,,,,,,
春節加碼加開獎項,104000019,2015/02/22,260782600,5215652,207098169,25,27,31,35,39,44,,,,,,
春節加碼加開獎項,104000019,2015/02/22,260782600,5215652,207098169,14,18,22,28,39,43,,,,,,
春節加碼加開獎項,104000019,2015/02/22,260782600,5215652,207098169,05,07,09,25,28,33,,,,,,
春節加碼加開獎項,104000019,2015/02/22,260782600,5215652,207098169,12,19,33,39,43,48,,,,,,
春節加碼加開獎項,104000019,2015/02/22,260782600,5215652,207098169,06,20,23,25,38,46,,,,,,
春節加碼加開獎項,104000019,2015/02/22,260782600,5215652,207098169,03,09,12,13,20,41,,,,,,
春節加碼加開獎項,104000019,2015/02/22,260782600,5215652,207098169,07,20,22,29,40,48,,,,,,
春節加碼加開獎項,104000019,2015/02/22,260782600,5215652,207098169,15,17,30,32,44,47,,,,,,
春節加碼加開獎項,104000019,2015/02/22,260782600,5215652,207098169,06,13,21,31,40,47,,,,,,
春節加碼加開獎項,104000019,2015/02/22,260782600,5215652,207098169,02,06,11,31,38,44,,,,,,
春節加碼加開獎項,104000019,2015/02/22,260782600,5215652,207098169,12,26,28,30,40,47,,,,,,
春節加碼加開獎項,104000019,2015/02/22,260782600,5215652,207098169,05,16,30,37,44,47,,,,,,
春節加碼加開獎項,104000019,2015/02/22,260782600,5215652,207098169,04,05,06,09,17,43,,,,,,
春節加碼加開獎項,104000019,2015/02/22,260782600,5215652,207098169,02,06,23,24,43,49,,,,,,
春節加碼加開獎項,104000019,2015/02/22,260782600,5215652,207098169,13,14,20,30,32,47,,,,,,
春節加碼加開獎項,104000019,2015/02/22,260782600,5215652,207098169,03,09,13,15,21,31,,,,,,
春節加碼加開獎項,104000019,2015/02/22,260782600,5215652,207098169,04,28,36,40,41,46,,,,,,
春節加碼加開獎項,104000019,2015/02/22,260782600,5215652,207098169,01,09,26,27,44,45,,,,,,
春節加碼加開獎項,104000019,2015/02/22,260782600,5215652,207098169,02,14,22,23,26,40,,,,,,
春節加碼加開獎項,104000019,2015/02/22,260782600,5215652,207098169,07,09,13,16,25,47,,,,,,
春節加碼加開獎項,104000019,2015/02/22,260782600,5215652,207098169,10,24,33,38,42,43,,,,,,
春節加碼加開獎項,104000019,2015/02/22,260782600,5215652,207098169,01,02,18,21,31,39,,,,,,
春節加碼加開獎項,104000019,2015/02/22,260782600,5215652,207098169,02,04,10,12,27,28,,,,,,
春節加碼加開獎項,104000019,2015/02/22,260782600,5215652,207098169,07,17,21,41,44,46,,,,,,
春節加碼加開獎項,104000019,2015/02/22,260782600,5215652,207098169,05,14,18,20,41,44,,,,,,
春節加碼加開獎項,104000019,2015/02/22,260782600,5215652,207098169,04,05,19,26,28,43,,,,,,
春節加碼加開獎項,104000019,2015/02/22,260782600,5215652,207098169,10,22,23,34,38,40,,,,,,
春節加碼加開獎項,104000019,2015/02/22,260782600,5215652,207098169,03,19,21,26,35,44,,,,,,
春節加碼加開獎項,104000019,2015/02/22,260782600,5215652,207098169,19,23,27,30,33,38,,,,,,
春節加碼加開獎項,104000019,2015/02/22,260782600,5215652,207098169,01,04,18,25,29,39,,,,,,
春節加碼加開獎項,104000019,2015/02/22,260782600,5215652,207098169,01,16,23,27,47,48,,,,,,
春節加碼加開獎項,104000019,2015/02/22,260782600,5215652,207098169,01,03,33,37,38,47,,,,,,
春節加碼加開獎項,104000019,2015/02/22,260782600,5215652,207098169,01,10,16,19,33,38,,,,,,
春節加碼加開獎項,104000019,2015/02/22,260782600,5215652,207098169,15,17,23,27,43,44,,,,,,
春節加碼加開獎項,104000019,2015/02/22,260782600,5215652,207098169,03,12,13,32,39,47,,,,,,
春節加碼加開獎項,104000019,2015/02/22,260782600,5215652,207098169,14,20,28,34,40,49,,,,,,
春節加碼加開獎項,104000019,2015/02/22,260782600,5215652,207098169,05,15,17,18,24,49,,,,,,
春節加碼加開獎項,104000019,2015/02/22,260782600,5215652,207098169,01,09,18,21,45,46,,,,,,
春節加碼加開獎項,104000019,2015/02/22,260782600,5215652,207098169,02,04,21,29,32,39,,,,,,
春節加碼加開獎項,104000019,2015/02/22,260782600,5215652,207098169,11,28,30,31,34,37,,,,,,
春節加碼加開獎項,104000019,2015/02/22,260782600,5215652,207098169,08,20,22,26,31,48,,,,,,
春節加碼加開獎項,104000019,2015/02/22,260782600,5215652,207098169,03,10,12,17,35,36,,,,,,
春節加碼加開獎項,104000019,2015/02/22,260782600,5215652,207098169,03,15,17,34,45,48,,,,,,
春節加碼加開獎項,104000019,2015/02/22,260782600,5215652,207098169,05,15,23,30,42,44,,,,,,
春節加碼加開獎項,104000019,2015/02/22,260782600,5215652,207098169,05,14,15,32,42,45,,,,,,
春節加碼加開獎項,104000019,2015/02/22,260782600,5215652,207098169,01,03,09,14,25,27,,,,,,
春節加碼加開獎項,104000019,2015/02/22,260782600,5215652,207098169,05,12,30,36,39,42,,,,,,
春節加碼加開獎項,104000019,2015/02/22,260782600,5215652,207098169,03,06,07,14,19,39,,,,,,
春節加碼加開獎項,104000019,2015/02/22,260782600,5215652,207098169,01,11,15,31,38,44,,,,,,
春節加碼加開獎項,104000019,2015/02/22,260782600,5215652,207098169,10,11,16,20,34,49,,,,,,
春節加碼加開獎項,104000019,2015/02/22,260782600,5215652,207098169,01,15,25,35,36,45,,,,,,
春節加碼加開獎項,104000019,2015/02/22,260782600,5215652,207098169,12,16,24,35,41,46,,,,,,
春節加碼加開獎項,104000019,2015/02/22,260782600,5215652,207098169,03,11,12,14,21,24,,,,,,
春節加碼加開獎項,104000020,2015/02/23,239724800,4794496,179929259,10,11,38,41,42,43,,,,,,
春節加碼加開獎項,104000020,2015/02/23,239724800,4794496,179929259,15,23,25,29,40,49,,,,,,
春節加碼加開獎項,104000020,2015/02/23,239724800,4794496,179929259,04,09,12,18,31,32,,,,,,
春節加碼加開獎項,104000020,2015/02/23,239724800,4794496,179929259,03,24,30,34,39,47,,,,,,
春節加碼加開獎項,104000020,2015/02/23,239724800,4794496,179929259,20,23,31,34,39,45,,,,,,
春節加碼加開獎項,104000020,2015/02/23,239724800,4794496,179929259,07,13,21,28,29,38,,,,,,
春節加碼加開獎項,104000020,2015/02/23,239724800,4794496,179929259,02,08,14,42,44,46,,,,,,
春節加碼加開獎項,104000020,2015/02/23,239724800,4794496,179929259,11,12,22,27,33,36,,,,,,
春節加碼加開獎項,104000020,2015/02/23,239724800,4794496,179929259,12,28,33,35,42,45,,,,,,
春節加碼加開獎項,104000020,2015/02/23,239724800,4794496,179929259,10,12,23,28,36,48,,,,,,
春節加碼加開獎項,104000020,2015/02/23,239724800,4794496,179929259,08,17,25,30,39,43,,,,,,
春節加碼加開獎項,104000020,2015/02/23,239724800,4794496,179929259,06,09,20,28,40,45,,,,,,
春節加碼加開獎項,104000020,2015/02/23,239724800,4794496,179929259,05,12,19,21,23,45,,,,,,
春節加碼加開獎項,104000020,2015/02/23,239724800,4794496,179929259,14,15,16,39,40,43,,,,,,
春節加碼加開獎項,104000020,2015/02/23,239724800,4794496,179929259,05,19,22,33,36,48,,,,,,
春節加碼加開獎項,104000020,2015/02/23,239724800,4794496,179929259,09,14,15,26,36,49,,,,,,
春節加碼加開獎項,104000020,2015/02/23,239724800,4794496,179929259,15,23,29,31,36,46,,,,,,
春節加碼加開獎項,104000020,2015/02/23,239724800,4794496,179929259,16,23,38,40,41,45,,,,,,
春節加碼加開獎項,104000020,2015/02/23,239724800,4794496,179929259,04,10,12,21,29,30,,,,,,
春節加碼加開獎項,104000020,2015/02/23,239724800,4794496,179929259,01,28,36,39,44,47,,,,,,
春節加碼加開獎項,104000020,2015/02/23,239724800,4794496,179929259,15,20,34,41,45,47,,,,,,
春節加碼加開獎項,104000020,2015/02/23,239724800,4794496,179929259,08,10,11,27,32,34,,,,,,
春節加碼加開獎項,104000020,2015/02/23,239724800,4794496,179929259,01,11,14,24,33,48,,,,,,
春節加碼加開獎項,104000020,2015/02/23,239724800,4794496,179929259,01,07,23,43,45,47,,,,,,
春節加碼加開獎項,104000020,2015/02/23,239724800,4794496,179929259,03,23,28,36,37,39,,,,,,
春節加碼加開獎項,104000020,2015/02/23,239724800,4794496,179929259,17,19,21,25,34,40,,,,,,
春節加碼加開獎項,104000020,2015/02/23,239724800,4794496,179929259,11,18,25,32,40,43,,,,,,
春節加碼加開獎項,104000020,2015/02/23,239724800,4794496,179929259,01,04,15,17,36,47,,,,,,
春節加碼加開獎項,104000020,2015/02/23,239724800,4794496,179929259,04,18,19,23,25,41,,,,,,
春節加碼加開獎項,104000020,2015/02/23,239724800,4794496,179929259,03,05,11,18,34,49,,,,,,
春節加碼加開獎項,104000020,2015/02/23,239724800,4794496,179929259,09,14,20,23,30,33,,,,,,
春節加碼加開獎項,104000020,2015/02/23,239724800,4794496,179929259,01,04,18,20,28,37,,,,,,
春節加碼加開獎項,104000020,2015/02/23,239724800,4794496,179929259,02,05,12,23,34,44,,,,,,
春節加碼加開獎項,104000020,2015/02/23,239724800,4794496,179929259,11,29,37,40,44,49,,,,,,
春節加碼加開獎項,104000020,2015/02/23,239724800,4794496,179929259,03,11,15,18,19,21,,,,,,
春節加碼加開獎項,104000020,2015/02/23,239724800,4794496,179929259,08,28,30,39,40,47,,,,,,
春節加碼加開獎項,104000020,2015/02/23,239724800,4794496,179929259,16,29,30,40,41,46,,,,,,
春節加碼加開獎項,104000020,2015/02/23,239724800,4794496,179929259,01,09,16,20,25,42,,,,,,
春節加碼加開獎項,104000020,2015/02/23,239724800,4794496,179929259,27,31,33,40,43,48,,,,,,
春節加碼加開獎項,104000020,2015/02/23,239724800,4794496,179929259,23,37,38,39,42,49,,,,,,
春節加碼加開獎項,104000020,2015/02/23,239724800,4794496,179929259,14,19,21,27,28,46,,,,,,
春節加碼加開獎項,104000020,2015/02/23,239724800,4794496,179929259,03,05,23,31,41,43,,,,,,
春節加碼加開獎項,104000020,2015/02/23,239724800,4794496,179929259,09,17,28,29,34,43,,,,,,
春節加碼加開獎項,104000020,2015/02/23,239724800,4794496,179929259,09,15,23,28,29,30,,,,,,
春節加碼加開獎項,104000020,2015/02/23,239724800,4794496,179929259,01,24,25,33,37,48,,,,,,
春節加碼加開獎項,104000020,2015/02/23,239724800,4794496,179929259,01,17,19,34,42,49,,,,,,
春節加碼加開獎項,104000020,2015/02/23,239724800,4794496,179929259,08,16,26,28,31,46,,,,,,
春節加碼加開獎項,104000020,2015/02/23,239724800,4794496,179929259,16,18,23,26,28,29,,,,,,
春節加碼加開獎項,104000020,2015/02/23,239724800,4794496,179929259,13,25,27,28,40,41,,,,,,
春節加碼加開獎項,104000020,2015/02/23,239724800,4794496,179929259,07,14,17,24,31,34,,,,,,
春節加碼加開獎項,104000020,2015/02/23,239724800,4794496,179929259,03,08,11,20,21,24,,,,,,
春節加碼加開獎項,104000020,2015/02/23,239724800,4794496,179929259,02,15,19,28,31,48,,,,,,
春節加碼加開獎項,104000020,2015/02/23,239724800,4794496,179929259,03,04,05,11,39,46,,,,,,
春節加碼加開獎項,104000020,2015/02/23,239724800,4794496,179929259,06,20,22,23,26,44,,,,,,
春節加碼加開獎項,104000020,2015/02/23,239724800,4794496,179929259,05,06,11,29,37,45,,,,,,
春節加碼加開獎項,104000020,2015/02/23,239724800,4794496,179929259,03,07,19,36,48,49,,,,,,
春節加碼加開獎項,104000020,2015/02/23,239724800,4794496,179929259,15,17,21,31,45,47,,,,,,
春節加碼加開獎項,104000020,2015/02/23,239724800,4794496,179929259,05,16,18,29,32,37,,,,,,
春節加碼加開獎項,104000020,2015/02/23,239724800,4794496,179929259,03,12,18,27,38,39,,,,,,
春節加碼加開獎項,104000020,2015/02/23,239724800,4794496,179929259,09,12,31,37,41,49,,,,,,
春節加碼加開獎項,104000020,2015/02/23,239724800,4794496,179929259,06,18,19,25,34,45,,,,,,
春節加碼加開獎項,104000020,2015/02/23,239724800,4794496,179929259,04,13,20,22,23,47,,,,,,
春節加碼加開獎項,104000020,2015/02/23,239724800,4794496,179929259,14,29,30,37,38,44,,,,,,
春節加碼加開獎項,104000020,2015/02/23,239724800,4794496,179929259,03,21,27,30,38,41,,,,,,
春節加碼加開獎項,104000020,2015/02/23,239724800,4794496,179929259,01,06,15,26,27,37,,,,,,
春節加碼加開獎項,104000021,2015/02/24,279119350,5582387,253515642,01,08,24,28,36,37,,,,,,
春節加碼加開獎項,104000021,2015/02/24,279119350,5582387,253515642,01,04,14,25,29,39,,,,,,
春節加碼加開獎項,104000021,2015/02/24,279119350,5582387,253515642,02,17,29,34,43,46,,,,,,
春節加碼加開獎項,104000021,2015/02/24,279119350,5582387,253515642,06,17,18,24,31,49,,,,,,
春節加碼加開獎項,104000021,2015/02/24,279119350,5582387,253515642,02,08,33,35,39,43,,,,,,
春節加碼加開獎項,104000021,2015/02/24,279119350,5582387,253515642,11,15,17,32,41,44,,,,,,
春節加碼加開獎項,104000021,2015/02/24,279119350,5582387,253515642,06,09,15,16,26,34,,,,,,
春節加碼加開獎項,104000021,2015/02/24,279119350,5582387,253515642,06,11,14,20,32,35,,,,,,
春節加碼加開獎項,104000021,2015/02/24,279119350,5582387,253515642,02,10,26,29,40,45,,,,,,
春節加碼加開獎項,104000021,2015/02/24,279119350,5582387,253515642,05,16,20,22,32,39,,,,,,
春節加碼加開獎項,104000021,2015/02/24,279119350,5582387,253515642,05,19,23,34,44,45,,,,,,
春節加碼加開獎項,104000021,2015/02/24,279119350,5582387,253515642,29,32,40,46,47,48,,,,,,
春節加碼加開獎項,104000021,2015/02/24,279119350,5582387,253515642,03,04,14,19,37,38,,,,,,
春節加碼加開獎項,104000021,2015/02/24,279119350,5582387,253515642,08,32,34,37,41,43,,,,,,
春節加碼加開獎項,104000021,2015/02/24,279119350,5582387,253515642,02,11,12,16,28,39,,,,,,
春節加碼加開獎項,104000021,2015/02/24,279119350,5582387,253515642,04,06,09,25,43,44,,,,,,
春節加碼加開獎項,104000021,2015/02/24,279119350,5582387,253515642,10,32,34,38,41,44,,,,,,
春節加碼加開獎項,104000021,2015/02/24,279119350,5582387,253515642,07,23,36,41,43,45,,,,,,
春節加碼加開獎項,104000021,2015/02/24,279119350,5582387,253515642,10,21,22,38,46,48,,,,,,
春節加碼加開獎項,104000021,2015/02/24,279119350,5582387,253515642,26,28,31,35,38,41,,,,,,
春節加碼加開獎項,104000021,2015/02/24,279119350,5582387,253515642,11,16,17,25,33,41,,,,,,
春節加碼加開獎項,104000021,2015/02/24,279119350,5582387,253515642,03,07,12,36,47,49,,,,,,
春節加碼加開獎項,104000021,2015/02/24,279119350,5582387,253515642,14,21,26,36,41,43,,,,,,
春節加碼加開獎項,104000021,2015/02/24,279119350,5582387,253515642,01,08,10,24,33,44,,,,,,
春節加碼加開獎項,104000021,2015/02/24,279119350,5582387,253515642,10,15,17,30,35,40,,,,,,
春節加碼加開獎項,104000021,2015/02/24,279119350,5582387,253515642,16,21,32,44,48,49,,,,,,
春節加碼加開獎項,104000021,2015/02/24,279119350,5582387,253515642,01,12,13,15,30,33,,,,,,
春節加碼加開獎項,104000021,2015/02/24,279119350,5582387,253515642,04,06,26,27,32,33,,,,,,
春節加碼加開獎項,104000021,2015/02/24,279119350,5582387,253515642,12,19,36,39,45,48,,,,,,
春節加碼加開獎項,104000021,2015/02/24,279119350,5582387,253515642,10,18,36,40,44,45,,,,,,
春節加碼加開獎項,104000021,2015/02/24,279119350,5582387,253515642,05,25,32,44,45,46,,,,,,
春節加碼加開獎項,104000021,2015/02/24,279119350,5582387,253515642,11,19,32,37,39,47,,,,,,
春節加碼加開獎項,104000021,2015/02/24,279119350,5582387,253515642,05,07,21,24,28,29,,,,,,
春節加碼加開獎項,104000021,2015/02/24,279119350,5582387,253515642,02,12,15,29,40,41,,,,,,
春節加碼加開獎項,104000021,2015/02/24,279119350,5582387,253515642,07,18,19,34,35,49,,,,,,
春節加碼加開獎項,104000021,2015/02/24,279119350,5582387,253515642,01,19,21,37,41,45,,,,,,
春節加碼加開獎項,104000021,2015/02/24,279119350,5582387,253515642,01,09,14,17,31,40,,,,,,
春節加碼加開獎項,104000021,2015/02/24,279119350,5582387,253515642,01,23,25,29,33,43,,,,,,
春節加碼加開獎項,104000021,2015/02/24,279119350,5582387,253515642,05,08,19,20,28,31,,,,,,
春節加碼加開獎項,104000021,2015/02/24,279119350,5582387,253515642,11,26,29,34,43,48,,,,,,
春節加碼加開獎項,104000021,2015/02/24,279119350,5582387,253515642,01,05,10,23,25,28,,,,,,
春節加碼加開獎項,104000021,2015/02/24,279119350,5582387,253515642,06,13,27,38,43,49,,,,,,
春節加碼加開獎項,104000021,2015/02/24,279119350,5582387,253515642,07,10,15,20,36,38,,,,,,
春節加碼加開獎項,104000021,2015/02/24,279119350,5582387,253515642,03,22,31,41,43,48,,,,,,
春節加碼加開獎項,104000021,2015/02/24,279119350,5582387,253515642,08,13,14,27,30,37,,,,,,
春節加碼加開獎項,104000021,2015/02/24,279119350,5582387,253515642,12,24,26,33,38,40,,,,,,
春節加碼加開獎項,104000021,2015/02/24,279119350,5582387,253515642,02,14,16,19,26,44,,,,,,
春節加碼加開獎項,104000021,2015/02/24,279119350,5582387,253515642,02,03,09,18,26,49,,,,,,
春節加碼加開獎項,104000021,2015/02/24,279119350,5582387,253515642,03,23,27,33,45,49,,,,,,
