遊戲名稱,期別,開獎日期,銷售總額,銷售注數,總獎金,獎號1,獎號2,獎號3,獎號4,獎號5,獎號6,特別號
大樂透,103000001,2014-01-03,146792850,2935857,80736067,11,18,20,21,35,37,8
大樂透,103000002,2014-01-07,132190750,2643815,106318850,1,7,21,25,35,36,39
大樂透,103000003,2014-01-10,140617450,2812349,149849635,7,17,19,30,32,37,3
大樂透,103000004,2014-01-14,128619400,2572388,70740670,2,11,21,41,45,49,26
大樂透,103000005,2014-01-17,141157800,2823156,108354326,13,15,20,26,29,36,37
大樂透,103000006,2014-01-21,132900400,2658008,141270573,12,15,22,38,43,44,9
大樂透,103000007,2014-01-24,143544500,2870890,172467560,1,4,20,29,41,45,36
大樂透,103000008,2014-01-28,157096650,3141933,218922795,1,2,5,7,26,30,24
大樂透,103000009,2014-01-30,608966100,12179322,334931355,9,22,44,45,48,49,8
大樂透,103000010,2014-01-31,670393200,13407864,510859037,17,23,27,38,48,49,19
大樂透,103000011,2014-02-01,673933050,13478661,668825176,6,9,13,19,36,37,27
大樂透,103000012,2014-02-02,365275250,7305505,216578907,3,13,14,19,24,45,5
大樂透,103000013,2014-02-03,312885200,6257704,201322534,1,2,16,17,27,30,48
大樂透,103000014,2014-02-04,382041100,7640822,310122605,8,12,19,32,42,46,28
大樂透,103000015,2014-02-07,260755350,5215107,330079044,5,11,12,21,22,28,25
大樂透,103000016,2014-02-11,146964550,2939291,89513183,6,15,21,22,31,44,41
大樂透,103000017,2014-02-14,144576550,2891531,113928909,10,19,20,24,33,48,1
大樂透,103000018,2014-02-18,137949100,2758982,148671664,6,19,20,26,32,47,35
大樂透,103000019,2014-02-21,140264750,2805295,187760475,11,12,23,28,40,48,9
大樂透,103000020,2014-02-25,147445850,2948917,228147635,3,5,9,12,13,46,4
大樂透,103000021,2014-02-28,116192300,2323846,63905765,13,17,18,24,28,32,37
大樂透,103000022,2014-03-04,117888450,2357769,141547172,8,26,35,37,40,43,6
大樂透,103000023,2014-03-07,115346600,2306932,137113949,6,18,26,30,37,38,16
大樂透,103000024,2014-03-11,118655200,2373104,136735172,13,15,16,20,40,43,14
大樂透,103000025,2014-03-14,114016150,2280323,62708882,2,8,27,40,41,47,28
大樂透,103000026,2014-03-18,112906700,2258134,89150396,12,26,28,35,39,40,16
大樂透,103000027,2014-03-21,108988100,2179762,112358847,8,18,26,31,46,47,20
大樂透,103000028,2014-03-25,108919250,2178385,142208910,19,23,25,30,42,47,16
大樂透,103000029,2014-03-28,112023600,2240472,165636331,9,18,23,35,36,47,41
大樂透,103000030,2014-04-01,112380550,2247611,195944047,18,22,29,30,46,47,6
大樂透,103000031,2014-04-04,99116150,1982323,62761237,8,24,35,37,41,47,23
大樂透,103000032,2014-04-08,105973250,2119465,81210878,1,14,17,27,28,45,11
大樂透,103000033,2014-04-11,108775850,2175517,137646174,1,3,4,9,12,17,15
大樂透,103000034,2014-04-15,103966900,2079338,134092694,5,8,24,26,35,44,41
大樂透,103000035,2014-04-18,103283950,2065679,60388963,8,9,15,40,44,48,24
大樂透,103000036,2014-04-22,100250000,2005000,140267972,11,12,15,18,20,37,42
大樂透,103000037,2014-04-25,100622800,2012456,55342540,4,24,34,35,38,46,30
大樂透,103000038,2014-04-29,99631300,1992626,78198092,2,9,27,30,44,46,22
大樂透,103000039,2014-05-02,100149050,2002981,102103594,1,7,23,25,37,40,12
大樂透,103000040,2014-05-06,96670950,1933419,122531297,10,25,35,39,40,46,31
大樂透,103000041,2014-05-09,103429200,2068584,152984028,1,11,13,21,27,37,3
大樂透,103000042,2014-05-13,98769950,1975399,61509780,15,20,29,31,32,44,23
大樂透,103000043,2014-05-16,98416400,1968328,88320931,14,31,38,41,42,45,29
大樂透,103000044,2014-05-20,92056500,1841130,97533175,6,13,30,33,34,35,38
大樂透,103000045,2014-05-23,96964050,1939281,121297042,11,17,22,27,30,46,15
大樂透,103000046,2014-05-27,143587750,2871755,272577912,10,19,23,26,32,39,16
大樂透,103000047,2014-05-30,183799350,3675987,423450647,9,17,21,24,30,35,15
大樂透,103000048,2014-06-03,109006350,2180127,59953492,16,31,32,33,35,44,46
大樂透,103000049,2014-06-06,106674850,2133497,84886176,25,29,40,41,47,49,48
大樂透,103000050,2014-06-10,104901000,2098020,112693200,3,11,28,32,33,35,30
大樂透,103000051,2014-06-13,109214700,2184294,142049147,4,21,28,32,37,42,16
大樂透,103000052,2014-06-17,95972150,1919443,64275521,3,6,18,20,25,48,12
大樂透,103000053,2014-06-20,98019550,1960391,90179719,12,14,16,33,36,47,48
大樂透,103000054,2014-06-24,95417400,1908348,96975449,1,8,12,14,40,41,15
大樂透,103000055,2014-06-27,99717050,1994341,121096966,13,21,27,34,35,36,24
大樂透,103000056,2014-07-01,96234500,1924690,141300198,6,7,8,9,21,48,18
大樂透,103000057,2014-07-04,102991450,2059829,169260050,3,14,17,24,27,48,28
大樂透,103000058,2014-07-08,104194650,2083893,190252597,10,22,25,33,39,47,38
大樂透,103000059,2014-07-11,112989750,2259795,222515318,1,7,14,15,18,30,33
大樂透,103000060,2014-07-15,122148700,2442974,248944891,7,18,23,32,34,48,13
大樂透,103000061,2014-07-18,143077350,2861547,293429553,1,2,15,19,21,30,40
大樂透,103000062,2014-07-22,146404500,2928090,323417074,3,9,13,17,28,42,14
大樂透,103000063,2014-07-25,155118450,3102369,360227761,5,21,30,32,35,45,26
大樂透,103000064,2014-07-29,99571750,1991435,136219378,31,32,34,36,44,47,46
大樂透,103000065,2014-08-01,98483700,1969674,54166035,5,8,21,23,32,45,18
大樂透,103000066,2014-08-05,97575400,1951508,135045671,4,11,26,33,40,42,34
大樂透,103000067,2014-08-08,102084050,2041681,56146227,26,31,32,38,42,45,37
大樂透,103000068,2014-08-12,93928700,1878574,80469060,4,6,10,12,34,45,44
大樂透,103000069,2014-08-15,102149550,2042991,102192614,18,23,29,46,47,48,5
大樂透,103000070,2014-08-19,94965250,1899305,125888029,6,7,9,12,14,19,17
大樂透,103000071,2014-08-22,103235700,2064714,145981401,8,16,23,30,31,43,18
大樂透,103000072,2014-08-26,95666750,1913335,52616712,1,17,19,23,32,43,9
大樂透,103000073,2014-08-29,96861350,1937227,75660182,9,10,21,23,38,39,35
大樂透,103000074,2014-09-02,95693450,1913869,100233247,7,8,36,39,42,43,22
大樂透,103000075,2014-09-05,145572900,2911458,253221680,10,16,25,27,32,36,45
大樂透,103000076,2014-09-09,143518750,2870375,278955351,21,23,29,41,42,49,14
大樂透,103000077,2014-09-12,104362500,2087250,62694265,2,23,27,31,36,49,15
大樂透,103000078,2014-09-16,97445650,1948913,140736148,7,12,16,18,19,41,45
大樂透,103000079,2014-09-19,96584650,1931693,53121557,2,6,17,29,32,39,4
大樂透,103000080,2014-09-23,91180400,1823608,72287099,2,11,20,28,32,38,16
大樂透,103000081,2014-09-26,104791750,2095835,100335860,8,15,19,22,29,37,39
大樂透,103000082,2014-09-30,101577500,2031550,121534477,18,35,36,41,47,49,15
大樂透,103000083,2014-10-03,108018400,2160368,150895455,10,14,19,24,35,37,39
大樂透,103000084,2014-10-07,102854600,2057092,56570030,17,18,40,41,45,47,29
大樂透,103000085,2014-10-10,95572000,1911440,134127282,1,11,19,24,26,28,33
大樂透,103000086,2014-10-14,101116450,2022329,55614047,9,10,14,20,36,47,8
大樂透,103000087,2014-10-17,103650200,2073004,135618981,2,11,20,32,33,36,39
大樂透,103000088,2014-10-21,99453500,1989070,58156303,14,28,31,38,42,44,45
大樂透,103000089,2014-10-24,103306350,2066127,85366579,1,17,20,36,37,45,15
大樂透,103000090,2014-10-28,100440550,2008811,109200021,5,16,25,32,37,44,21
大樂透,103000091,2014-10-31,104677500,2093550,136019792,2,8,10,14,27,49,20
大樂透,103000092,2014-11-04,101302700,2026054,144953322,3,20,30,35,38,41,47
大樂透,103000093,2014-11-07,110992150,2219843,175082582,11,19,25,27,40,49,33
大樂透,103000094,2014-11-11,112944800,2258896,198937560,5,11,18,23,36,43,14
大樂透,103000095,2014-11-14,116312350,2326247,223009627,15,16,29,34,41,44,49
大樂透,103000096,2014-11-18,123248900,2464978,256386049,11,12,20,26,28,43,6
大樂透,103000097,2014-11-21,137759000,2755180,285472166,2,3,22,26,32,34,40
大樂透,103000098,2014-11-25,144285700,2885714,320892077,1,15,16,32,44,48,40
大樂透,103000099,2014-11-28,104249600,2084992,57337280,1,10,21,35,40,44,36
大樂透,103000100,2014-12-02,95229550,1904591,132565183,9,11,13,23,26,42,47
大樂透,103000101,2014-12-05,99073200,1981464,54490260,11,18,30,34,37,47,17
大樂透,103000102,2014-12-09,98502900,1970058,78620189,7,9,23,33,41,43,24
大樂透,103000103,2014-12-12,103420750,2068415,104199451,7,8,24,29,32,48,37
大樂透,103000104,2014-12-16,103940850,2078817,123243902,17,28,32,34,35,45,8
大樂透,103000105,2014-12-19,106154200,2123084,148583315,1,9,24,32,41,49,40
大樂透,103000106,2014-12-23,113913800,2278276,175853938,3,27,30,31,32,39,35
大樂透,103000107,2014-12-26,124385000,2487700,206763342,9,27,32,42,45,49,30
大樂透,103000108,2014-12-30,139737900,2794758,244845838,7,30,32,44,48,49,45
大樂透,104000001,2015-01-02,155706550,3114131,289411837,13,22,23,29,31,48,6
大樂透,104000002,2015-01-06,189137700,3782754,339303949,11,16,29,30,37,43,13
大樂透,104000003,2015-01-09,236369500,4727390,408289487,7,8,18,21,23,24,11
大樂透,104000004,2015-01-13,118302200,2366044,65066210,2,14,16,22,37,46,49
大樂透,104000005,2015-01-16,114578150,2291563,93243863,2,17,28,32,38,46,49
大樂透,104000006,2015-01-20,112155650,2243113,120113208,9,24,28,35,45,47,48
大樂透,104000007,2015-01-23,113354400,2267088,147861942,8,16,20,38,39,42,29
大樂透,104000008,2015-01-27,114568350,2291367,174336796,4,9,15,21,27,45,6
大樂透,104000009,2015-01-30,121710950,2434219,202564513,3,14,24,35,39,44,28
大樂透,104000010,2015-02-03,122413900,2448278,219348780,5,13,15,16,18,30,8
大樂透,104000011,2015-02-06,133167200,2663344,249232969,5,11,29,36,42,46,48
大樂透,104000012,2015-02-10,114223500,2284470,65338002,14,15,26,29,35,44,9
大樂透,104000013,2015-02-13,122228700,2444574,92370288,1,9,15,25,29,35,38
大樂透,104000014,2015-02-17,170542250,3410845,146421772,3,11,15,23,40,46,13
大樂透,104000015,2015-02-18,487544550,9750891,357069741,3,6,15,16,27,31,14
大樂透,104000016,2015-02-19,516089850,10321797,476305046,7,25,27,31,40,49,11
大樂透,104000017,2015-02-20,559593750,11191875,614407269,5,9,10,28,29,45,41
大樂透,104000018,2015-02-21,308408150,6168163,169624482,2,5,11,17,27,40,20
大樂透,104000019,2015-02-22,260782600,5215652,207098169,3,6,12,34,37,43,28
大樂透,104000020,2015-02-23,239724800,4794496,179929259,14,20,21,32,38,43,23
大樂透,104000021,2015-02-24,279119350,5582387,253515642,3,28,39,41,46,48,9
大樂透,104000022,2015-02-27,169047550,3380951,254581758,2,6,27,34,38,43,45
大樂透,104000023,2015-03-03,160980800,3219616,290455547,4,6,11,41,43,46,21
大樂透,104000024,2015-03-06,159530900,3190618,323857380,6,21,22,35,37,44,29
大樂透,104000025,2015-03-10,166029250,3320585,363415942,3,11,25,34,46,47,42
大樂透,104000026,2015-03-13,179903650,3598073,408675213,6,9,14,16,22,33,11
大樂透,104000027,2015-03-17,188401800,3768036,448652001,5,32,36,40,42,49,1
大樂透,104000028,2015-03-20,191800850,3836017,491835236,4,7,9,13,29,46,8
大樂透,104000029,2015-03-24,198896200,3977924,532967873,3,4,6,9,17,24,28
大樂透,104000030,2015-03-27,105980900,2119618,58289495,12,13,15,18,24,36,39
大樂透,104000031,2015-03-31,104815600,2096312,79772905,2,4,13,25,32,43,15
大樂透,104000032,2015-04-03,99212500,1984250,132272683,13,32,36,40,42,43,41
大樂透,104000033,2015-04-07,99899700,1997994,58880597,11,17,19,33,45,47,4
大樂透,104000034,2015-04-10,104984000,2099680,85084057,10,11,17,20,42,44,13
大樂透,104000035,2015-04-14,108548650,2170973,105307948,1,22,23,38,48,49,11
大樂透,104000036,2015-04-17,110597800,2211956,129254165,26,32,33,36,45,47,39
大樂透,104000037,2015-04-21,113047450,2260949,155330506,1,3,11,22,29,33,30
大樂透,104000038,2015-04-24,129514500,2590290,186325268,13,25,31,35,41,46,49
大樂透,104000039,2015-04-28,113853600,2277072,210540360,3,5,12,26,36,44,23
大樂透,104000040,2015-05-01,110751700,2215034,228307201,8,15,25,29,47,49,9
大樂透,104000041,2015-05-05,116785200,2335704,254266747,8,28,41,42,44,49,30
大樂透,104000042,2015-05-08,126275600,2525512,288270118,2,10,15,28,44,49,39
大樂透,104000043,2015-05-12,136995100,2739902,323824122,1,13,23,29,31,33,17
大樂透,104000044,2015-05-15,146249150,2924983,359771173,3,6,18,27,29,32,40
大樂透,104000045,2015-05-19,152802300,3056046,396055202,15,16,29,39,42,46,14
大樂透,104000046,2015-05-22,146169250,2923385,423379208,3,21,23,28,37,43,5
大樂透,104000047,2015-05-26,168554400,3371088,464170448,2,10,11,20,26,45,30
大樂透,104000048,2015-05-29,197116950,3942339,511919345,2,5,11,28,32,34,24
大樂透,104000049,2015-06-02,209943200,4198864,564050805,1,7,19,20,46,47,13
大樂透,104000050,2015-06-05,96573300,1931466,60354847,8,21,32,35,41,48,34
大樂透,104000051,2015-06-09,96829200,1936584,84464281,3,20,27,34,37,44,12
大樂透,104000052,2015-06-12,96869950,1937399,96418240,8,19,22,24,26,28,18
大樂透,104000053,2015-06-16,131255600,2625112,236367946,3,4,25,35,41,45,7
大樂透,104000054,2015-06-19,180718250,3614365,135397743,3,5,11,18,25,38,15
大樂透,104000055,2015-06-23,96565950,1931319,93475767,2,13,33,35,43,45,5
大樂透,104000056,2015-06-26,98944450,1978889,118092158,5,6,12,28,29,41,7
大樂透,104000057,2015-06-30,92409000,1848180,133287531,18,19,32,35,46,48,47
大樂透,104000058,2015-07-03,95468350,1909367,158646433,21,23,28,29,41,46,24
大樂透,104000059,2015-07-07,96455500,1929110,183492919,1,14,27,33,42,46,41
大樂透,104000060,2015-07-10,91289250,1825785,189853284,5,6,13,26,29,47,33
大樂透,104000061,2015-07-14,103961200,2079224,216377722,10,12,14,19,30,45,41
大樂透,104000062,2015-07-17,109929200,2198584,242510187,4,7,20,27,33,40,38
大樂透,104000063,2015-07-21,114050650,2281013,267656687,8,9,16,39,40,44,28
大樂透,104000064,2015-07-24,119557850,2391157,293349560,10,12,25,33,39,42,29
大樂透,104000065,2015-07-28,121792650,2435853,320650954,6,15,27,32,44,49,16
大樂透,104000066,2015-07-31,135902550,2718051,357878206,13,16,18,30,32,40,29
大樂透,104000067,2015-08-04,87468050,1749361,48107427,3,12,17,19,38,48,43
大樂透,104000068,2015-08-07,91110050,1822201,69485139,25,26,27,28,36,37,38
大樂透,104000069,2015-08-11,88240300,1764806,129776593,1,2,35,43,45,46,14
大樂透,104000070,2015-08-14,88325850,1766517,50120770,5,13,14,23,24,42,35
大樂透,104000071,2015-08-18,87547500,1750950,66471655,8,20,29,30,42,49,21
大樂透,104000072,2015-08-21,93314500,1866290,89020862,10,15,20,21,27,36,45
大樂透,104000073,2015-08-25,89369750,1787395,108603404,13,15,22,26,45,47,49
大樂透,104000074,2015-08-28,85272950,1705459,129633487,8,11,12,15,40,46,16
大樂透,104000075,2015-09-01,91256650,1825133,151715242,9,18,19,20,40,48,3
大樂透,104000076,2015-09-04,104898300,2097966,173998800,19,20,44,46,47,49,9
大樂透,104000077,2015-09-08,108396300,2167926,201475667,8,28,31,32,36,43,9
大樂透,104000078,2015-09-11,117633700,2352674,227734095,5,10,18,29,41,44,30
大樂透,104000079,2015-09-15,124085200,2481704,255705544,2,13,30,31,34,44,39
大樂透,104000080,2015-09-18,119009400,2380188,284107050,6,16,17,36,37,41,28
大樂透,104000081,2015-09-22,146848300,2936966,421956920,6,10,39,44,46,47,30
大樂透,104000082,2015-09-25,183553350,3671067,508311909,9,13,21,25,38,39,2
大樂透,104000083,2015-09-29,103286350,2065727,146899155,1,3,25,31,35,44,15
大樂透,104000084,2015-10-02,93075000,1861500,53069195,11,15,36,41,44,45,35
大樂透,104000085,2015-10-06,90126650,1802533,131867408,3,8,10,28,38,47,13
大樂透,104000086,2015-10-09,83547500,1670950,45951125,2,8,22,27,35,43,24
大樂透,104000087,2015-10-13,89254000,1785080,68143018,24,29,31,32,44,49,39
大樂透,104000088,2015-10-16,93647500,1872950,93090480,20,25,29,31,40,44,21
大樂透,104000089,2015-10-20,89829200,1796584,115240195,12,17,32,37,38,39,27
大樂透,104000090,2015-10-23,89506300,1790126,128634659,1,16,41,43,46,47,25
大樂透,104000091,2015-10-27,91902900,1838058,151197734,7,8,10,17,34,36,43
大樂透,104000092,2015-10-30,95108000,1902160,173835652,3,6,8,15,20,30,40
大樂透,104000093,2015-11-03,93696350,1873927,189850521,8,16,22,28,45,48,13
大樂透,104000094,2015-11-06,104016400,2080328,217106024,8,24,27,30,45,49,42
大樂透,104000095,2015-11-10,103774350,2075487,239505285,7,10,11,27,28,45,21
大樂透,104000096,2015-11-13,109382100,2187642,264421744,1,11,16,18,31,33,19
大樂透,104000097,2015-11-17,87144150,1742883,47929282,2,7,26,31,44,47,36
大樂透,104000098,2015-11-20,83921900,1678438,65965362,4,9,10,39,40,42,8
大樂透,104000099,2015-11-24,85258450,1705169,128364932,1,9,13,28,29,48,45
大樂透,104000100,2015-11-27,83245550,1664911,47307836,4,5,23,25,40,41,11
大樂透,104000101,2015-12-01,84806250,1696125,66394721,6,13,15,19,37,41,22
大樂透,104000102,2015-12-04,88086600,1761732,88238083,16,21,34,37,41,47,29
大樂透,104000103,2015-12-08,87234000,1744680,137126991,8,15,32,36,40,43,3
大樂透,104000104,2015-12-11,88603650,1772073,48732007,1,4,25,29,42,43,11
大樂透,104000105,2015-12-15,86216800,1724336,66190465,4,11,18,22,23,31,19
大樂透,104000106,2015-12-18,85470150,1709403,83806164,5,6,11,15,18,25,31
大樂透,104000107,2015-12-22,87254900,1745098,129681215,8,12,13,29,37,49,43
大樂透,104000108,2015-12-25,87512200,1750244,49636557,3,7,11,12,16,30,13
大樂透,104000109,2015-12-29,85596250,1711925,66355026,1,8,13,30,32,42,11
大樂透,105000001,2016-01-01,88202800,1764056,86412039,16,19,24,29,41,43,32
大樂透,105000002,2016-01-05,89421200,1788424,131818567,1,3,7,15,25,33,21
大樂透,105000003,2016-01-08,91812850,1836257,51924170,3,10,13,28,44,48,1
大樂透,105000004,2016-01-12,91661100,1833222,70018679,5,15,18,39,40,44,37
大樂透,105000005,2016-01-15,89039900,1780798,89637376,6,11,16,17,27,42,35
大樂透,105000006,2016-01-19,91701500,1834030,109656257,4,9,14,23,44,46,41
大樂透,105000007,2016-01-22,89654950,1793099,126549652,10,15,17,20,43,46,37
大樂透,105000008,2016-01-26,91071600,1821432,148558248,11,13,17,35,39,46,2
大樂透,105000009,2016-01-29,93319250,1866385,171812844,16,35,38,44,45,48,27
大樂透,105000010,2016-02-02,106065000,2121300,202610528,15,21,23,26,43,48,34
大樂透,105000011,2016-02-05,124071700,2481434,233041151,4,5,26,30,38,41,28
大樂透,105000012,2016-02-07,280857400,5617148,346119645,4,11,21,25,35,37,43
大樂透,105000013,2016-02-08,291630750,5832615,160396912,8,12,13,16,27,32,24
大樂透,105000014,2016-02-09,307177450,6143549,225999514,9,24,25,31,37,45,12
大樂透,105000015,2016-02-10,259934300,5198686,142963865,18,19,22,32,44,47,9
大樂透,105000016,2016-02-11,245501750,4910035,197112428,3,13,29,30,34,48,28
大樂透,105000017,2016-02-12,268127850,5362557,147470317,6,10,11,22,32,45,4
大樂透,105000018,2016-02-13,226612550,4532251,185532564,4,6,18,29,35,48,20
大樂透,105000019,2016-02-14,232629200,4652584,234513809,1,3,16,20,21,26,22
大樂透,105000020,2016-02-16,148062400,2961248,181434320,11,23,29,33,34,40,6
大樂透,105000021,2016-02-19,111042650,2220853,61073457,11,20,23,30,39,44,49
大樂透,105000022,2016-02-23,104476300,2089526,84904081,10,14,19,20,43,45,22
大樂透,105000023,2016-02-26,96345750,1926915,101725999,3,9,17,21,41,46,27
大樂透,105000024,2016-03-01,94448000,1888960,120525069,7,14,17,22,23,34,12
大樂透,105000025,2016-03-04,98780700,1975614,143984464,5,7,12,17,22,29,4
大樂透,105000026,2016-03-08,97870400,1957408,160294086,3,27,30,35,39,41,32
大樂透,105000027,2016-03-11,92320450,1846409,180798717,9,16,30,34,36,49,31
大樂透,105000028,2016-03-15,95672100,1913442,201728968,6,14,30,42,47,48,18
大樂透,105000029,2016-03-18,103764450,2075289,229352083,1,3,4,18,25,47,13
大樂透,105000030,2016-03-22,111989150,2239783,256922374,7,11,16,20,30,33,6
大樂透,105000031,2016-03-25,80849800,1616996,44467390,7,11,22,37,40,41,20
大樂透,105000032,2016-03-29,91748600,1834972,68269050,1,17,18,34,46,47,25
大樂透,105000033,2016-04-01,93219200,1864384,92485681,8,12,16,29,37,39,40
大樂透,105000034,2016-04-05,84458400,1689168,129726565,14,23,26,32,38,43,3
大樂透,105000035,2016-04-08,92206050,1844121,50713327,2,7,13,30,36,45,43
大樂透,105000036,2016-04-12,91910900,1838218,72070852,11,14,19,39,45,49,23
大樂透,105000037,2016-04-15,86552500,1731050,133063661,9,13,17,28,45,47,3
大樂透,105000038,2016-04-19,89065600,1781312,48986080,12,21,39,41,46,47,14
大樂透,105000039,2016-04-22,88915050,1778301,71805755,12,19,23,33,46,48,29
大樂透,105000040,2016-04-26,87182050,1743641,89454537,6,12,21,25,34,43,28
大樂透,105000041,2016-04-29,89113500,1782270,131264939,8,14,27,31,36,40,3
大樂透,105000042,2016-05-03,85272300,1705446,46899765,1,7,17,40,41,43,33
大樂透,105000043,2016-05-06,86415650,1728313,69200332,1,26,37,39,42,48,41
大樂透,105000044,2016-05-10,83991450,1679829,90270795,3,4,8,22,36,38,7
大樂透,105000045,2016-05-13,87427100,1748542,103962366,3,10,22,31,35,38,37
大樂透,105000046,2016-05-17,86211150,1724223,124642635,2,3,20,23,34,42,40
大樂透,105000047,2016-05-20,92016150,1840323,145830157,5,10,25,30,40,43,26
大樂透,105000048,2016-05-24,87247350,1744947,161800184,6,8,13,21,33,39,45
大樂透,105000049,2016-05-27,81599000,1631980,46273864,2,9,13,16,24,39,41
大樂透,105000050,2016-05-31,80631300,1612626,62352701,1,2,5,32,45,46,43
大樂透,105000051,2016-06-03,81078500,1621570,83002475,3,10,27,33,41,44,7
大樂透,105000052,2016-06-07,133808550,2676171,129278753,5,8,23,31,39,44,19
大樂透,105000053,2016-06-10,159556600,3191132,169144369,4,13,15,22,23,48,3
大樂透,105000054,2016-06-14,121208400,2424168,181781727,12,13,16,33,35,37,18
大樂透,105000055,2016-06-17,136223550,2724471,216441691,7,10,17,20,21,31,49
大樂透,105000056,2016-06-21,84580050,1691601,48870124,2,27,34,35,36,49,26
大樂透,105000057,2016-06-24,83711450,1674229,65526768,14,17,27,28,39,41,18
大樂透,105000058,2016-06-28,80286000,1605720,83677088,7,8,25,39,45,46,38
大樂透,105000059,2016-07-01,82486250,1649725,100703497,8,20,24,34,41,43,32
大樂透,105000060,2016-07-05,82639550,1652791,121407315,6,9,15,17,40,47,24
大樂透,105000061,2016-07-08,69608650,1392173,132848889,9,10,13,19,23,35,38
大樂透,105000062,2016-07-12,84696350,1693927,151879481,25,31,34,42,43,46,5
大樂透,105000063,2016-07-15,89791000,1795820,175442258,24,25,29,33,35,38,49
大樂透,105000064,2016-07-19,88800350,1776007,193957335,7,13,33,40,45,46,39
大樂透,105000065,2016-07-22,92361650,1847233,216141278,2,10,17,27,33,49,15
大樂透,105000066,2016-07-26,95455250,1909105,239899326,9,15,19,22,35,41,37
大樂透,105000067,2016-07-29,98424000,1968480,260310379,9,15,27,28,30,41,13
大樂透,105000068,2016-08-02,100001650,2000033,284598110,4,15,20,22,28,29,1
大樂透,105000069,2016-08-05,106107950,2122159,306863197,1,2,22,27,35,40,33
大樂透,105000070,2016-08-09,79682500,1593650,43825375,15,17,30,35,37,45,41
大樂透,105000071,2016-08-12,78187550,1563751,63050329,8,20,33,35,42,43,10
大樂透,105000072,2016-08-16,77539800,1550796,80893258,5,14,15,20,27,29,35
大樂透,105000073,2016-08-19,79982850,1599657,99667565,5,19,26,44,46,48,36
大樂透,105000074,2016-08-23,79397350,1587947,118936723,25,26,37,38,44,48,31
大樂透,105000075,2016-08-26,81364300,1627286,133222219,9,28,34,41,42,49,6
大樂透,105000076,2016-08-30,83580150,1671603,152399202,1,11,18,27,36,46,26
大樂透,105000077,2016-09-02,83375900,1667518,171519478,9,11,20,21,45,46,42
大樂透,105000078,2016-09-06,87017700,1740354,194712751,4,7,20,23,28,45,35
大樂透,105000079,2016-09-09,90644150,1812883,212027902,1,12,35,36,41,44,21
大樂透,105000080,2016-09-13,160246800,3204936,377952509,3,16,22,33,40,41,39
大樂透,105000081,2016-09-16,193195700,3863914,513106290,17,23,30,31,34,49,36
大樂透,105000082,2016-09-20,180423800,3608476,541820052,4,7,17,22,44,45,32
大樂透,105000083,2016-09-23,207309100,4146182,607994033,1,2,29,31,33,43,40
大樂透,105000084,2016-09-27,146069350,2921387,607564084,14,15,16,35,46,48,2
大樂透,105000085,2016-09-30,219368850,4387377,661433520,4,10,31,38,40,48,5
大樂透,105000086,2016-10-04,268995450,5379909,737629000,11,23,30,35,40,44,7
大樂透,105000087,2016-10-07,324286200,6485724,826004341,10,16,30,33,37,42,43
大樂透,105000088,2016-10-11,344131800,6882636,910534380,2,8,13,14,37,39,38
大樂透,105000089,2016-10-14,123168250,2463365,67742537,10,23,29,30,44,47,7
大樂透,105000090,2016-10-18,105134950,2102699,84280544,14,15,16,24,44,47,21
大樂透,105000091,2016-10-21,120308150,2406163,120219889,2,8,21,32,33,37,15
大樂透,105000092,2016-10-25,87996950,1759939,126266137,5,15,25,27,33,34,43
大樂透,105000093,2016-10-28,90149550,1802991,145882948,1,10,13,33,37,38,40
大樂透,105000094,2016-11-01,83796250,1675925,47713460,10,11,15,20,31,49,44
大樂透,105000095,2016-11-04,87158550,1743171,68429613,2,3,17,28,38,49,21
大樂透,105000096,2016-11-08,84715900,1694318,83347010,3,6,11,17,22,49,44
大樂透,105000097,2016-11-11,90050350,1801007,133778917,2,7,8,22,28,32,20
大樂透,105000098,2016-11-15,88352450,1767049,48593847,7,8,25,33,41,43,6
大樂透,105000099,2016-11-18,88646250,1772925,130923116,6,18,24,25,26,34,19
大樂透,105000100,2016-11-22,82674150,1653483,46936452,1,21,24,25,34,44,19
大樂透,105000101,2016-11-25,88127500,1762550,71155337,1,3,22,28,37,42,10
大樂透,105000102,2016-11-29,86737950,1734759,84984275,3,21,26,28,38,40,42
大樂透,105000103,2016-12-02,89419750,1788395,129323235,5,25,26,34,40,49,47
大樂透,105000104,2016-12-06,90216750,1804335,53050991,27,30,32,41,44,46,42
大樂透,105000105,2016-12-09,92157050,1843141,77678966,12,28,38,42,44,49,2
大樂透,105000106,2016-12-13,92032000,1840640,99939204,19,29,33,36,39,49,6
大樂透,105000107,2016-12-16,89896150,1797923,120841826,11,19,25,34,36,42,8
大樂透,105000108,2016-12-20,90842050,1816841,131926409,1,29,35,36,44,46,6
大樂透,105000109,2016-12-23,95651150,1913023,155666608,8,23,28,38,41,42,30
大樂透,105000110,2016-12-27,95811300,1916226,175103583,10,25,26,29,31,40,2
大樂透,105000111,2016-12-30,103473800,2069476,200755882,6,7,35,37,38,47,12
大樂透,106000001,2017-01-03,105955200,2119104,222109792,18,22,41,42,47,49,45
大樂透,106000002,2017-01-06,114286950,2285739,251941902,12,14,32,35,40,43,17
大樂透,106000003,2017-01-10,96044700,1920894,54944266,4,13,14,37,39,46,31
大樂透,106000004,2017-01-13,93157400,1863148,73016985,14,19,21,25,27,38,22
大樂透,106000005,2017-01-17,96864600,1937292,95686599,4,12,17,28,34,40,7
大樂透,106000006,2017-01-20,99083450,1981669,115511986,1,5,16,18,31,41,13
大樂透,106000007,2017-01-24,105640100,2112802,141660553,1,9,17,31,33,48,49
大樂透,106000008,2017-01-27,514947450,10298949,388359518,1,5,7,31,35,49,42
大樂透,106000009,2017-01-28,432233150,8644663,245844277,1,19,20,25,30,32,2
大樂透,106000010,2017-01-29,427629200,8552584,249740611,3,8,9,12,14,22,46
大樂透,106000011,2017-01-30,344924350,6898487,189708392,10,19,26,29,43,45,20
大樂透,106000012,2017-01-31,371467400,7429348,280820408,4,11,16,28,33,46,17
大樂透,106000013,2017-02-01,351686700,7033734,347281800,4,9,11,32,43,47,44
大樂透,106000014,2017-02-03,264199050,5283981,191525503,2,11,25,29,30,33,20
大樂透,106000015,2017-02-07,205000200,4100004,167841744,6,18,19,23,32,49,21
大樂透,106000016,2017-02-10,111126600,2222532,141811839,7,11,12,15,24,26,6
大樂透,106000017,2017-02-14,108346800,2166936,59590740,10,11,21,23,28,37,24
大樂透,106000018,2017-02-17,102797150,2055943,79143568,6,16,21,23,46,49,39
大樂透,106000019,2017-02-21,99610250,1992205,104191547,8,10,15,32,39,48,43
大樂透,106000020,2017-02-24,95525600,1910512,125852157,12,16,35,38,41,47,1
大樂透,106000021,2017-02-28,108020950,2160419,155206639,6,14,15,19,30,43,31
大樂透,106000022,2017-03-03,111700200,2234004,184028703,2,16,20,37,43,48,10
大樂透,106000023,2017-03-07,106934400,2138688,199547495,6,12,22,31,41,44,2
大樂透,106000024,2017-03-10,108697350,2173947,224023058,11,12,21,35,41,48,1
大樂透,106000025,2017-03-14,118296950,2365939,254876671,15,17,20,32,33,39,21
大樂透,106000026,2017-03-17,98499900,1969998,58288056,4,17,25,36,40,44,8
大樂透,106000027,2017-03-21,97747950,1954959,74154611,8,16,27,32,43,44,7
大樂透,106000028,2017-03-24,99350600,1987012,98716454,24,36,39,41,45,49,22
大樂透,106000029,2017-03-28,97171900,1943438,123099813,21,22,32,37,42,44,38
大樂透,106000030,2017-03-31,93745750,1874915,145409609,17,18,22,24,25,38,39
大樂透,106000031,2017-04-04,95007950,1900159,169106850,5,17,33,34,43,44,4
大樂透,106000032,2017-04-07,106966500,2139330,197542382,19,23,31,32,37,49,26
大樂透,106000033,2017-04-11,93795950,1875919,51587772,9,22,31,36,40,47,8
大樂透,106000034,2017-04-14,93931000,1878620,74187139,2,3,4,23,29,42,14
大樂透,106000035,2017-04-18,90897750,1817955,89293473,14,21,25,35,36,39,18
大樂透,106000036,2017-04-21,88412500,1768250,109443311,5,15,22,23,28,39,25
大樂透,106000037,2017-04-25,90877650,1817553,130427541,16,17,30,32,35,41,26
大樂透,106000038,2017-04-28,92597450,1851949,152714417,1,3,19,31,32,42,43
大樂透,106000039,2017-05-02,93937550,1878751,169878172,14,23,24,27,36,39,13
大樂透,106000040,2017-05-05,96803850,1936077,192785941,1,9,18,19,34,49,11
大樂透,106000041,2017-05-09,98489700,1969794,212248153,16,17,20,21,32,40,15
大樂透,106000042,2017-05-12,101483700,2029674,235408781,2,9,18,22,25,35,14
大樂透,106000043,2017-05-16,93410950,1868219,251123363,5,6,7,14,29,46,24
大樂透,106000044,2017-05-19,104376200,2087524,275605017,15,16,21,23,28,46,14
大樂透,106000045,2017-05-23,142518200,2850364,320259433,2,10,15,22,26,32,42
大樂透,106000046,2017-05-26,168551000,3371020,365131338,8,14,16,19,21,35,20
大樂透,106000047,2017-05-30,178859300,3577186,405333005,7,14,19,30,31,39,40
大樂透,106000048,2017-06-02,103577550,2071551,56967652,3,7,8,23,30,31,32
大樂透,106000049,2017-06-06,104133100,2082662,77650754,14,16,25,32,36,48,12
大樂透,106000050,2017-06-09,107335200,2146704,101071596,24,26,31,32,37,46,1
大樂透,106000051,2017-06-13,103743000,2074860,124543510,2,4,17,22,36,43,40
大樂透,106000052,2017-06-16,109677900,2193558,152164076,1,15,21,26,36,45,10
大樂透,106000053,2017-06-20,94864650,1897293,169982068,1,12,29,30,33,44,19
大樂透,106000054,2017-06-23,93065200,1861304,190989728,2,8,12,34,41,42,7
大樂透,106000055,2017-06-27,93195100,1863902,212175549,11,33,34,46,47,49,38
大樂透,106000056,2017-06-30,80954400,1619088,53328827,8,12,22,30,32,36,6
大樂透,106000057,2017-07-04,78841100,1576822,57378984,4,21,27,28,30,35,42
大樂透,106000058,2017-07-07,82581500,1651630,76296871,18,30,40,42,44,49,8
大樂透,106000059,2017-07-11,88357900,1767158,135646274,6,16,19,23,33,39,7
大樂透,106000060,2017-07-14,84269400,1685388,47190864,16,18,19,25,26,32,22
大樂透,106000061,2017-07-18,83295400,1665908,65416507,13,14,21,29,42,48,11
大樂透,106000062,2017-07-21,84338000,1686760,127075911,2,12,24,32,42,47,29
大樂透,106000063,2017-07-25,81093050,1621861,47009631,2,11,23,30,33,42,7
大樂透,106000064,2017-07-28,82444950,1648899,64833838,11,13,18,22,38,39,3
大樂透,106000065,2017-08-01,81740600,1634812,82751089,2,12,21,30,42,47,31
大樂透,106000066,2017-08-04,86633950,1732679,98485988,15,16,26,27,39,45,37
大樂透,106000067,2017-08-08,87331500,1746630,118962853,6,9,23,27,34,46,20
大樂透,106000068,2017-08-11,88640650,1772813,140054374,2,8,9,18,27,37,33
大樂透,106000069,2017-08-15,86514050,1730281,154242979,13,16,27,28,33,42,11
大樂透,106000070,2017-08-18,93588150,1871763,176991714,7,10,12,35,38,47,23
大樂透,106000071,2017-08-22,94262050,1885241,197082440,4,10,13,36,44,45,5
大樂透,106000072,2017-08-25,103792550,2075851,226007909,1,4,19,24,28,31,49
大樂透,106000073,2017-08-29,108184150,2163683,248156183,5,18,25,31,48,49,44
大樂透,106000074,2017-09-01,119360100,2387202,282671812,5,11,14,16,36,40,46
大樂透,106000075,2017-09-05,125704900,2514098,312009229,13,17,23,27,33,41,2
大樂透,106000076,2017-09-08,85992900,1719858,50205392,8,13,15,19,29,42,25
大樂透,106000077,2017-09-12,87845500,1756910,66186359,7,23,29,36,45,49,14
大樂透,106000078,2017-09-15,86803700,1736074,134174867,3,8,11,16,33,37,35
大樂透,106000079,2017-09-19,84223000,1684460,47164880,2,12,15,18,37,40,39
大樂透,106000080,2017-09-22,86734450,1734689,67323609,18,35,39,43,47,49,44
大樂透,106000081,2017-09-26,83894650,1677893,88429028,10,11,14,19,22,38,42
大樂透,106000082,2017-09-29,83730600,1674612,106235757,3,14,16,21,33,36,20
大樂透,106000083,2017-10-03,153968000,3079360,164929611,15,18,25,30,33,44,38
大樂透,106000084,2017-10-06,161004450,3220089,205754238,4,28,32,37,41,45,47
大樂透,106000085,2017-10-10,142715750,2854315,227655366,6,28,29,30,31,39,33
大樂透,106000086,2017-10-13,128191400,2563828,252146266,5,8,23,34,44,46,16
大樂透,106000087,2017-10-17,147011650,2940233,290823280,1,3,6,11,19,27,5
大樂透,106000088,2017-10-20,110676750,2213535,294604293,3,8,18,19,26,42,17
大樂透,106000089,2017-10-24,115115000,2302300,320316196,2,3,5,14,16,29,32
大樂透,106000090,2017-10-27,120892650,2417853,348984633,2,11,17,22,38,40,41
大樂透,106000091,2017-10-31,126125350,2522507,380986206,4,25,31,36,39,46,2
大樂透,106000092,2017-11-03,131870000,2637400,414956070,8,20,23,33,36,43,2
大樂透,106000093,2017-11-07,140811500,2816230,441424380,5,6,12,22,30,48,41
大樂透,106000094,2017-11-10,89539550,1790791,50142148,10,15,24,26,29,35,12
大樂透,106000095,2017-11-14,87094150,1741883,66399753,5,15,24,25,44,47,45
大樂透,106000096,2017-11-17,88647750,1772955,87539590,2,14,19,28,39,46,45
大樂透,106000097,2017-11-21,86177750,1723555,107919371,4,23,25,28,39,43,41
大樂透,106000098,2017-11-24,89964050,1799281,129292362,4,8,10,14,41,45,38
大樂透,106000099,2017-11-28,91678450,1833569,150756417,9,14,17,19,46,47,29
大樂透,106000100,2017-12-01,95895000,1917900,175244673,2,3,5,28,42,48,9
大樂透,106000101,2017-12-05,101965850,2039317,200464555,1,12,13,37,41,43,49
大樂透,106000102,2017-12-08,108414500,2168290,224064503,1,5,8,10,34,35,46
大樂透,106000103,2017-12-12,113277600,2265552,250876582,16,19,28,37,38,41,10
大樂透,106000104,2017-12-15,123078600,2461572,280536002,17,19,24,27,31,37,8
大樂透,106000105,2017-12-19,120533150,2410663,306502499,3,14,18,31,41,42,2
大樂透,106000106,2017-12-22,132635900,2652718,340490069,12,18,20,21,31,37,24
大樂透,106000107,2017-12-26,142691500,2853830,375749694,7,8,10,20,24,27,19
大樂透,106000108,2017-12-29,158455550,3169111,410342978,11,12,15,20,27,47,36
大樂透,107000001,2018-01-02,169903800,3398076,450504302,2,6,12,18,36,46,47
大樂透,107000002,2018-01-05,94586650,1891733,52968524,4,13,17,29,31,44,14
大樂透,107000003,2018-01-09,83949200,1678984,69448004,2,10,22,23,24,37,42
大樂透,107000004,2018-01-12,95294600,1905892,91733657,1,7,14,22,40,45,29
大樂透,107000005,2018-01-16,99971250,1999425,137753420,8,26,29,32,36,39,23
大樂透,107000006,2018-01-19,94318000,1886360,52818080,2,13,16,22,26,48,39
大樂透,107000007,2018-01-23,96634750,1932695,77330545,2,12,26,28,33,34,44
大樂透,107000008,2018-01-26,94260200,1885204,97579638,7,23,32,34,43,47,24
大樂透,107000009,2018-01-30,90081450,1801629,117644325,7,8,15,23,31,36,30
大樂透,107000010,2018-02-02,94102400,1882048,137341717,1,2,10,11,26,43,40
大樂透,107000011,2018-02-06,94671650,1893433,53016124,6,10,24,27,41,43,49
大樂透,107000012,2018-02-09,98176450,1963529,77747197,12,17,20,21,30,45,9
大樂透,107000013,2018-02-13,117370900,2347418,106761598,4,10,19,26,35,45,38
大樂透,107000014,2018-02-15,404613650,8092273,293901903,7,21,22,37,41,48,15
大樂透,107000015,2018-02-16,433224300,8664486,248870254,4,7,23,24,27,41,17
大樂透,107000016,2018-02-17,378958100,7579162,212216536,3,5,17,32,33,47,36
大樂透,107000017,2018-02-18,387761800,7755236,298509415,7,8,20,28,34,46,10
大樂透,107000018,2018-02-19,398983900,7979678,384157333,7,9,19,22,36,49,29
大樂透,107000019,2018-02-20,325350300,6507006,205715287,12,33,34,38,40,46,7
大樂透,107000020,2018-02-23,155820450,3116409,153491154,3,7,15,16,18,41,42
大樂透,107000021,2018-02-27,137308250,2746165,76892620,1,3,18,23,28,44,10
大樂透,107000022,2018-03-02,112342400,2246848,91084172,1,12,17,25,31,48,21
大樂透,107000023,2018-03-06,106221800,2124436,139659351,9,11,13,17,38,42,29
大樂透,107000024,2018-03-09,96509350,1930187,54045236,12,15,18,27,30,38,19
大樂透,107000025,2018-03-13,100092950,2001859,77458109,14,20,22,27,28,38,19
大樂透,107000026,2018-03-16,95582800,1911656,98760741,3,14,16,17,43,46,4
大樂透,107000027,2018-03-20,92708700,1854174,121140733,8,9,23,30,37,41,31
大樂透,107000028,2018-03-23,94858000,1897160,135858583,4,9,13,32,34,41,42
大樂透,107000029,2018-03-27,95863750,1917275,159594412,13,15,24,30,38,40,44
大樂透,107000030,2018-03-30,96911250,1938225,185272797,1,5,13,43,44,47,25
大樂透,107000031,2018-04-03,101418500,2028370,209883280,1,7,22,32,34,36,8
大樂透,107000032,2018-04-06,94628450,1892569,226465199,7,25,31,34,47,49,26
大樂透,107000033,2018-04-10,111963250,2239265,259771739,7,27,32,34,41,47,9
大樂透,107000034,2018-04-13,112653600,2253072,288037268,1,12,25,28,40,46,39
大樂透,107000035,2018-04-17,117601650,2352033,313756316,7,16,31,38,40,41,39
大樂透,107000036,2018-04-20,128120850,2562417,350489427,10,14,32,33,35,46,43
大樂透,107000037,2018-04-24,120721900,2414438,379342598,9,10,19,21,35,36,49
大樂透,107000038,2018-04-27,136088050,2721761,417725116,4,25,26,27,30,48,11
大樂透,107000039,2018-05-01,141337550,2826751,449077856,8,29,33,34,46,49,19
大樂透,107000040,2018-05-04,151554700,3031094,478885493,10,22,30,33,36,47,43
大樂透,107000041,2018-05-08,166984400,3339688,523186639,3,8,21,22,37,41,46
大樂透,107000042,2018-05-11,183760000,3675200,571077895,4,11,25,35,37,48,36
大樂透,107000043,2018-05-15,203435650,4068713,626773183,2,12,13,16,32,43,24
大樂透,107000044,2018-05-18,227826200,4556524,680111125,1,11,36,38,41,42,48
大樂透,107000045,2018-05-22,249310800,4986216,750082098,2,13,24,29,41,49,45
大樂透,107000046,2018-05-25,281802800,5636056,826397803,1,6,22,24,32,42,16
大樂透,107000047,2018-05-29,310639750,6212795,909005336,11,14,20,26,37,41,2
大樂透,107000048,2018-06-01,82832700,1656654,46386312,16,26,28,33,42,49,20
大樂透,107000049,2018-06-05,82672050,1653441,67344363,2,17,22,25,26,41,16
大樂透,107000050,2018-06-08,85761250,1715225,88800741,2,9,17,31,32,40,47
大樂透,107000051,2018-06-12,87817800,1756356,109933046,2,3,14,15,35,37,29
大樂透,107000052,2018-06-15,143331450,2866629,160693447,16,25,28,30,44,46,27
大樂透,107000053,2018-06-19,150691050,3013821,84386988,8,9,28,34,37,42,15
大樂透,107000054,2018-06-22,137542600,2750852,109857630,6,7,11,25,26,30,31
大樂透,107000055,2018-06-26,138835200,2776704,149047457,5,9,11,23,37,44,24
大樂透,107000056,2018-06-29,86246900,1724938,48298264,4,13,27,30,37,41,20
大樂透,107000057,2018-07-03,82795650,1655913,67040282,9,11,20,31,34,44,10
大樂透,107000058,2018-07-06,87394100,1747882,86362238,2,3,21,28,32,47,27
大樂透,107000059,2018-07-10,85551950,1711039,103922900,9,11,21,24,39,43,7
大樂透,107000060,2018-07-13,87141000,1742820,122462359,2,14,21,31,42,46,4
大樂透,107000061,2018-07-17,88440650,1768813,144243630,11,20,26,34,41,43,9
大樂透,107000062,2018-07-20,89939200,1798784,161301076,9,12,13,24,39,45,38
大樂透,107000063,2018-07-24,89564600,1791292,181804858,24,25,29,32,42,49,12
大樂透,107000064,2018-07-27,93526950,1870539,203685316,5,12,17,19,35,48,9
大樂透,107000065,2018-07-31,96797650,1935953,223933691,15,20,22,31,35,37,14
大樂透,107000066,2018-08-03,99809750,1996195,248900996,4,6,30,35,40,43,13
大樂透,107000067,2018-08-07,107247700,2144954,278780506,12,13,19,25,30,46,5
大樂透,107000068,2018-08-10,114990400,2299808,303001347,5,7,16,18,36,48,37
大樂透,107000069,2018-08-14,111887450,2237749,324706366,15,16,17,25,34,49,5
大樂透,107000070,2018-08-17,124352800,2487056,357922511,3,14,19,21,35,48,13
大樂透,107000071,2018-08-21,126652450,2533049,388035748,8,12,17,28,31,34,1
大樂透,107000072,2018-08-24,119084700,2381694,405935489,3,7,9,31,39,45,35
大樂透,107000073,2018-08-28,125852550,2517051,437394607,8,10,11,39,42,44,27
大樂透,107000074,2018-08-31,144199750,2883995,472719077,12,15,34,37,43,46,38
大樂透,107000075,2018-09-04,84162550,1683251,128992278,4,6,10,15,42,49,12
大樂透,107000076,2018-09-07,81035100,1620702,45379656,2,8,14,21,37,44,49
大樂透,107000077,2018-09-11,123855250,2477105,90207818,14,16,18,23,25,44,41
大樂透,107000078,2018-09-14,138618800,2772376,126845547,19,29,36,37,45,46,18
大樂透,107000079,2018-09-18,139513150,2790263,161322367,11,23,34,36,41,45,43
大樂透,107000080,2018-09-21,150672900,3013458,200756049,3,5,10,11,29,45,25
大樂透,107000081,2018-09-25,131498500,2629970,73639160,19,25,27,39,40,46,6
大樂透,107000082,2018-09-28,105553750,2111075,90831439,1,2,7,20,27,37,19
大樂透,107000083,2018-10-02,100970400,2019408,134551497,2,8,16,33,42,47,14
大樂透,107000084,2018-10-05,90144450,1802889,52224154,3,9,10,42,44,47,5
大樂透,107000085,2018-10-09,84431350,1688627,67287335,8,13,16,23,35,41,21
大樂透,107000086,2018-10-12,81591850,1631837,85625959,4,6,7,12,20,21,29
大樂透,107000087,2018-10-16,84244700,1684894,98790778,1,24,39,40,46,49,33
大樂透,107000088,2018-10-19,86112700,1722254,122430936,7,18,20,32,42,49,24
大樂透,107000089,2018-10-23,87031150,1740623,145999970,6,9,13,20,42,43,21
大樂透,107000090,2018-10-26,84424050,1688481,47277468,8,10,23,33,41,46,48
大樂透,107000091,2018-10-30,84170300,1683406,65705307,3,9,28,32,39,47,7
大樂透,107000092,2018-11-02,81580000,1631600,81408456,5,16,18,32,41,47,2
大樂透,107000093,2018-11-06,90780350,1815607,107592677,2,5,26,29,38,39,7
大樂透,107000094,2018-11-09,85437800,1708756,124506087,4,12,14,15,22,48,28
大樂透,107000095,2018-11-13,85599000,1711980,142203935,7,21,35,36,42,43,10
大樂透,107000096,2018-11-16,87937350,1758747,163660470,7,11,23,30,38,49,45
大樂透,107000097,2018-11-20,88933950,1778679,184215597,4,31,34,36,40,44,20
大樂透,107000098,2018-11-23,91278750,1825575,198840873,7,20,21,34,37,43,5
大樂透,107000099,2018-11-27,90733200,1814664,220702402,27,33,36,41,43,44,31
大樂透,107000100,2018-11-30,98072800,1961456,246152028,5,14,20,27,29,45,7
大樂透,107000101,2018-12-04,103246450,2064929,269848053,3,6,12,16,17,20,14
大樂透,107000102,2018-12-07,107241950,2144839,292130934,11,20,29,33,34,36,18
大樂透,107000103,2018-12-11,112482650,2249653,321144101,7,12,15,21,27,47,48
大樂透,107000104,2018-12-14,120425200,2408504,347260329,6,9,14,19,38,49,20
大樂透,107000105,2018-12-18,129560100,2591202,376983672,5,8,11,15,33,37,3
大樂透,107000106,2018-12-21,89946850,1798937,50370236,5,19,21,34,41,49,42
大樂透,107000107,2018-12-25,90657550,1813151,73573277,7,26,27,28,30,32,44
大樂透,107000108,2018-12-28,92316650,1846333,95591769,7,11,19,23,35,44,33
大樂透,108000001,2019-01-01,91627350,1832547,112561368,18,23,24,25,39,42,48
大樂透,108000002,2019-01-04,95802100,1916042,135747495,6,7,8,20,47,48,30
大樂透,108000003,2019-01-08,99581100,1991622,158928531,4,19,21,28,39,43,18
大樂透,108000004,2019-01-11,106519050,2130381,187871333,13,20,22,31,34,42,9
大樂透,108000005,2019-01-15,109107550,2182151,209734051,12,20,30,38,40,41,10
大樂透,108000006,2019-01-18,110402700,2208054,231542213,4,5,10,30,39,45,14
大樂透,108000007,2019-01-22,117882300,2357646,260406648,2,20,36,37,42,46,29
大樂透,108000008,2019-01-25,124824600,2496492,290963711,3,10,14,15,20,45,2
大樂透,108000009,2019-01-29,133279700,2665594,320837008,14,20,24,30,44,48,31
大樂透,108000010,2019-02-01,262178900,5243578,425642974,10,17,20,21,32,41,34
大樂透,108000011,2019-02-02,215838350,4316767,457609508,2,7,22,35,46,49,41
大樂透,108000012,2019-02-03,232918050,4658361,130434108,12,24,28,36,37,40,6
大樂透,108000013,2019-02-04,345287200,6905744,241689588,6,8,24,32,34,36,49
大樂透,108000014,2019-02-05,385433650,7708673,342221358,13,18,30,34,45,49,33
大樂透,108000015,2019-02-06,327504500,6550090,190654429,17,23,28,29,32,39,12
大樂透,108000016,2019-02-07,303921000,6078420,239994586,7,21,29,33,40,41,8
大樂透,108000017,2019-02-08,320601450,6412029,316705329,8,13,14,32,36,42,5
大樂透,108000018,2019-02-09,270892700,5417854,199075501,6,8,18,19,20,30,22
大樂透,108000019,2019-02-10,270856300,5417126,155850975,5,8,14,19,22,47,24
大樂透,108000020,2019-02-12,190672850,3813457,166110788,11,16,19,29,30,45,1
大樂透,108000021,2019-02-15,248761950,4975239,240092992,1,3,40,44,46,48,2
大樂透,108000022,2019-02-19,138757800,2775156,236685323,1,3,4,24,32,43,37
大樂透,108000023,2019-02-22,125040600,2500812,263212097,6,20,22,43,45,48,11
大樂透,108000024,2019-02-26,127183600,2543672,292100079,6,17,22,34,38,42,20
大樂透,108000025,2019-03-01,95089800,1901796,53250288,1,8,14,27,40,45,34
大樂透,108000026,2019-03-05,96325350,1926507,131455340,12,13,16,21,42,43,39
大樂透,108000027,2019-03-08,89336400,1786728,51810878,3,11,15,25,31,48,36
大樂透,108000028,2019-03-12,96270300,1925406,76212925,5,7,22,37,40,45,12
大樂透,108000029,2019-03-15,94596550,1891931,137742648,5,10,12,20,28,36,15
大樂透,108000030,2019-03-19,92610350,1852207,53069164,7,16,17,36,47,48,49
大樂透,108000031,2019-03-22,90020250,1800405,76774120,1,12,16,37,41,47,36
大樂透,108000032,2019-03-26,89501450,1790029,137774702,6,13,14,19,24,38,26
大樂透,108000033,2019-03-29,87636450,1752729,132344795,1,3,12,16,29,49,4
大樂透,108000034,2019-04-02,88155400,1763108,49367024,5,28,38,40,41,47,25
大樂透,108000035,2019-04-05,82976250,1659525,68261663,11,28,29,38,43,49,22
大樂透,108000036,2019-04-09,89949900,1798998,94314651,10,36,37,44,45,46,48
大樂透,108000037,2019-04-12,89741200,1794824,113971423,12,26,32,34,45,46,14
大樂透,108000038,2019-04-16,84945050,1698901,134639199,1,14,23,36,39,41,4
大樂透,108000039,2019-04-19,88255000,1765100,152924156,4,11,24,29,32,45,49
大樂透,108000040,2019-04-23,90654150,1813083,175135532,8,14,16,18,30,35,36
大樂透,108000041,2019-04-26,91835850,1836717,196074336,8,24,29,37,44,48,6
大樂透,108000042,2019-04-30,98511400,1970228,222593495,1,4,19,24,47,49,36
大樂透,108000043,2019-05-03,99573250,1991465,247818373,6,7,19,31,32,40,15
大樂透,108000044,2019-05-07,103469500,2069390,274724712,2,14,23,29,35,43,22
大樂透,108000045,2019-05-10,109401100,2188022,293599715,11,17,27,31,33,37,12
大樂透,108000046,2019-05-14,112649950,2252999,317514312,9,15,27,28,40,43,45
大樂透,108000047,2019-05-17,111836600,2236732,343759161,2,7,12,21,23,45,10
大樂透,108000048,2019-05-21,118083850,2361677,367399687,7,10,18,32,41,46,42
大樂透,108000049,2019-05-24,122876000,2457520,398178422,12,13,19,21,29,39,41
大樂透,108000050,2019-05-28,138590800,2771816,79842971,3,11,22,36,38,40,7
大樂透,108000051,2019-05-31,151521200,3030424,110995643,8,15,21,31,36,46,18
大樂透,108000052,2019-06-04,147448700,2948974,142020714,5,6,19,23,43,48,7
大樂透,108000053,2019-06-07,161517250,3230345,179097065,18,22,26,27,30,38,45
大樂透,108000054,2019-06-11,127639900,2552798,197458758,6,31,32,39,40,42,28
大樂透,108000055,2019-06-14,127499300,2549986,229977000,6,10,12,22,24,37,3
大樂透,108000056,2019-06-18,128056800,2561136,250197274,5,16,27,29,33,45,28
大樂透,108000057,2019-06-21,138686250,2773725,285330700,7,12,26,30,31,32,13
大樂透,108000058,2019-06-25,107246750,2144935,297895734,8,20,31,36,38,45,33
大樂透,108000059,2019-06-28,116673950,2333479,329456969,9,13,15,26,31,33,10
大樂透,108000060,2019-07-02,117815250,2356305,357040462,2,4,11,33,39,42,19
大樂透,108000061,2019-07-05,135629950,2712599,383812948,11,17,32,33,38,46,15
大樂透,108000062,2019-07-09,141694200,2833884,419921165,11,17,20,34,37,41,6
大樂透,108000063,2019-07-12,156323100,3126462,459611641,12,14,18,19,37,47,30
大樂透,108000064,2019-07-16,84702000,1694040,47433120,15,30,31,37,39,48,8
大樂透,108000065,2019-07-19,82924850,1658497,66263154,12,17,26,33,35,39,10
大樂透,108000066,2019-07-23,83025300,1660506,85839068,12,14,35,37,42,47,6
大樂透,108000067,2019-07-26,85673850,1713477,128368077,4,11,36,40,41,48,49
大樂透,108000068,2019-07-30,82571800,1651436,47794602,4,12,21,24,33,35,42
大樂透,108000069,2019-08-02,83458700,1669174,65075686,5,34,42,46,48,49,14
大樂透,108000070,2019-08-06,85758000,1715160,89447166,1,10,20,37,38,49,31
大樂透,108000071,2019-08-09,81628150,1632563,104688918,4,13,18,26,41,48,33
大樂透,108000072,2019-08-13,91846200,1836924,131774716,5,21,25,32,36,41,33
大樂透,108000073,2019-08-16,88161850,1763237,150036455,7,8,31,33,41,45,39
大樂透,108000074,2019-08-20,90206200,1804124,171662877,1,16,19,27,35,42,41
大樂透,108000075,2019-08-23,94178200,1883564,194219887,5,17,19,21,42,43,16
大樂透,108000076,2019-08-27,94807550,1896151,217574792,1,4,8,10,45,47,41
大樂透,108000077,2019-08-30,95204500,1904090,240545324,6,26,35,42,44,48,7
大樂透,108000078,2019-09-03,149665350,2993307,291233760,11,13,25,32,33,48,31
大樂透,108000079,2019-09-06,163331550,3266631,332770540,2,14,19,20,26,43,23
大樂透,108000080,2019-09-10,179257150,3585143,377676107,3,12,17,20,29,38,47
大樂透,108000081,2019-09-13,201606200,4032124,427089282,2,7,15,27,37,39,43
大樂透,108000082,2019-09-17,175195350,3503907,458002085,12,18,29,40,41,48,24
大樂透,108000083,2019-09-20,166298600,3325972,490224493,8,17,23,24,31,34,25
大樂透,108000084,2019-09-24,171829200,3436584,526138534,2,16,18,20,22,39,21
大樂透,108000085,2019-09-27,180623350,3612467,569737698,10,21,25,26,35,37,4
大樂透,108000086,2019-10-01,177136450,3542729,605859664,2,9,12,15,20,49,40
大樂透,108000087,2019-10-04,211072950,4221459,661936313,10,21,23,33,42,48,41
大樂透,108000088,2019-10-08,193476350,3869527,700010931,7,13,18,21,26,34,8
大樂透,108000089,2019-10-11,186416400,3728328,735973938,7,12,17,21,30,37,49
大樂透,108000090,2019-10-15,216350250,4327005,791991756,13,21,28,35,37,38,33
大樂透,108000091,2019-10-18,236631800,4732636,852777990,3,23,32,36,39,40,49
大樂透,108000092,2019-10-22,88907900,1778158,129590329,6,17,22,23,32,42,13
大樂透,108000093,2019-10-25,88798650,1775973,131889092,3,8,14,16,26,36,41
大樂透,108000094,2019-10-29,89151000,1783020,49924560,3,10,12,22,36,41,18
大樂透,108000095,2019-11-01,91877450,1837549,69530535,12,15,23,33,41,42,11
大樂透,108000096,2019-11-05,94101100,1882022,91183677,9,13,22,37,40,42,26
大樂透,108000097,2019-11-08,94781950,1895639,114190877,1,3,9,26,40,47,15
大樂透,108000098,2019-11-12,96147550,1922951,139204693,1,19,25,27,31,40,12
大樂透,108000099,2019-11-15,96197550,1923951,155240722,3,6,11,16,26,44,31
大樂透,108000100,2019-11-19,95574500,1911490,175501880,5,15,30,35,38,47,18
大樂透,108000101,2019-11-22,98954650,1979093,200702583,3,18,23,24,26,49,32
大樂透,108000102,2019-11-26,104264700,2085294,223598401,8,10,15,19,36,45,37
大樂透,108000103,2019-11-29,106005550,2120111,247497991,10,21,24,30,35,45,22
大樂透,108000104,2019-12-03,110737000,2214740,278576376,5,9,11,15,36,45,27
大樂透,108000105,2019-12-06,98387300,1967746,294561440,16,18,22,23,24,41,39
大樂透,108000106,2019-12-10,94408200,1888164,52868592,3,8,18,19,41,48,36
大樂透,108000107,2019-12-13,94422600,1888452,74869429,7,12,26,31,37,49,17
大樂透,108000108,2019-12-17,94365400,1887308,92458857,9,21,27,31,38,49,3
大樂透,108000109,2019-12-20,92455300,1849106,109800193,16,21,22,28,32,46,24
大樂透,108000110,2019-12-24,95794150,1915883,134676379,9,18,31,45,48,49,22
大樂透,108000111,2019-12-27,99209300,1984186,158898495,17,18,25,32,43,45,5
大樂透,108000112,2019-12-31,107159900,2143198,188928576,10,14,26,38,39,47,8
大樂透,109000001,2020-01-03,112729500,2254590,217079550,16,18,19,29,30,47,10
大樂透,109000002,2020-01-07,117529800,2350596,248835825,1,5,8,15,16,38,7
大樂透,109000003,2020-01-10,121991550,2439831,266131509,4,7,12,17,33,38,11
大樂透,109000004,2020-01-14,125272850,2505457,290316408,7,20,34,37,38,47,18
大樂透,109000005,2020-01-17,101544800,2030896,56865088,7,9,20,42,44,45,8
大樂透,109000006,2020-01-21,113399400,2267988,87126132,17,22,30,38,44,48,36
大樂透,109000007,2020-01-23,204098200,4081964,166038100,13,18,23,30,44,48,37
大樂透,109000008,2020-01-24,325385850,6507717,283021745,7,13,18,21,38,44,3
大樂透,109000009,2020-01-25,334410750,6688215,356160843,5,13,16,31,41,45,9
大樂透,109000010,2020-01-26,272057600,5441152,152352256,3,28,29,35,41,47,48
大樂透,109000011,2020-01-27,271906500,5438130,222330306,9,12,23,33,39,45,24
大樂透,109000012,2020-01-28,258492800,5169856,144755968,2,3,13,20,28,38,40
大樂透,109000013,2020-01-29,233721100,4674422,186410089,1,4,9,14,15,49,32
大樂透,109000014,2020-01-30,196005600,3920112,213158234,6,24,35,41,46,49,9
大樂透,109000015,2020-01-31,201643450,4032869,266408319,14,16,19,28,32,49,1
大樂透,109000016,2020-02-01,169354550,3387091,290933881,2,10,12,20,26,34,28
大樂透,109000017,2020-02-02,166727000,3334540,321739250,3,16,17,30,33,37,29
大樂透,109000018,2020-02-04,196123800,3922476,373603908,3,23,27,28,37,48,8
大樂透,109000019,2020-02-07,312088850,6241777,479436856,5,15,19,22,30,42,31
大樂透,109000020,2020-02-11,106341000,2126820,59550960,9,22,23,37,43,46,38
大樂透,109000021,2020-02-14,98418100,1968362,80227259,7,13,23,33,35,36,9
大樂透,109000022,2020-02-18,94895950,1897919,99648079,4,13,31,35,37,42,49
大樂透,109000023,2020-02-21,96951350,1939027,122931370,13,15,27,34,35,39,31
大樂透,109000024,2020-02-25,99363550,1987271,147906693,1,2,8,44,47,48,9
大樂透,109000025,2020-02-28,95849900,1916998,169048689,2,9,18,27,46,48,25
大樂透,109000026,2020-03-03,102806950,2056139,193246561,8,10,11,17,28,42,40
大樂透,109000027,2020-03-06,106298750,2125975,215749979,8,12,13,15,16,30,45
大樂透,109000028,2020-03-10,107597850,2151957,235920530,1,4,12,25,34,37,42
大樂透,109000029,2020-03-13,111214750,2224295,261863750,14,22,32,33,34,49,31
大樂透,109000030,2020-03-17,118244050,2364881,293730633,10,17,28,29,43,47,4
大樂透,109000031,2020-03-20,119285700,2385714,323361132,1,8,13,43,46,48,29
大樂透,109000032,2020-03-24,128420500,2568410,360029694,10,12,16,29,41,45,1
大樂透,109000033,2020-03-27,130339200,2606784,382952984,2,8,10,16,23,49,41
大樂透,109000034,2020-03-31,139016350,2780327,418426949,6,21,26,34,36,49,23
大樂透,109000035,2020-04-03,144836250,2896725,451596439,2,17,32,43,45,47,34
大樂透,109000036,2020-04-07,160493200,3209864,499457170,4,7,12,18,27,44,23
大樂透,109000037,2020-04-10,177317050,3546341,533444494,13,33,41,47,48,49,1
大樂透,109000038,2020-04-14,204844400,4096888,589506019,17,19,21,26,33,45,12
大樂透,109000039,2020-04-17,215194250,4303885,642414103,1,21,31,33,42,44,22
大樂透,109000040,2020-04-21,228081800,4561636,701832806,1,2,29,33,45,47,39
大樂透,109000041,2020-04-24,258353200,5167064,774581532,7,10,14,15,17,39,45
大樂透,109000042,2020-04-28,302794450,6055889,859329281,16,29,36,39,43,48,42
大樂透,109000043,2020-05-01,335962500,6719250,953421856,5,18,25,34,48,49,45
大樂透,109000044,2020-05-05,408765450,8175309,1070088576,17,19,24,36,43,49,26
大樂透,109000045,2020-05-08,91910100,1838202,51469656,8,9,10,24,27,31,33
大樂透,109000046,2020-05-12,89934700,1798694,68226320,1,5,8,11,35,36,26
大樂透,109000047,2020-05-15,92602600,1852052,84013991,6,11,31,40,42,45,43
大樂透,109000048,2020-05-19,85076850,1701537,105485328,27,32,33,40,43,44,37
大樂透,109000049,2020-05-22,77737900,1554758,125429670,3,7,10,13,39,46,29
大樂透,109000050,2020-05-26,93659850,1873197,146210284,1,5,25,29,33,38,19
大樂透,109000051,2020-05-29,93617050,1872341,165307171,31,35,39,40,45,49,41
大樂透,109000052,2020-06-02,99272500,1985450,192285504,1,6,22,25,33,48,19
大樂透,109000053,2020-06-05,87783950,1755679,50868967,3,5,8,24,26,49,19
大樂透,109000054,2020-06-09,124961400,2499228,89203029,8,17,28,35,36,47,41
大樂透,109000055,2020-06-12,139967600,2799352,126588819,1,6,28,30,33,48,27
大樂透,109000056,2020-06-16,142703600,2854072,160593624,6,13,20,23,29,46,42
大樂透,109000057,2020-06-19,133453900,2669078,74734184,1,15,16,25,43,46,6
大樂透,109000058,2020-06-23,139006850,2780137,109169790,1,2,16,22,27,45,13
大樂透,109000059,2020-06-26,140647400,2812948,141275751,10,12,16,37,40,41,5
大樂透,109000060,2020-06-30,134411400,2688228,169667082,26,29,31,43,46,49,6
